"feature_id","maturity_level","category_id","category","feature_name","support_mode","engineering_state","native_or_integrated","camera_dependency","server_dependency","additional_licence","on_prem","cloud","mobile","web","api","maximum_supported_scale","minimum_version","tested_version","automated_test_reference","supporting_document","evidence_reference","verification_status","presales_remarks","known_limitations","owner_workstream","last_verification_date"
"F01-001","LEVEL 1 — Basic / Small VMS","1","Device and Camera Support","IP camera discovery","N","QA","Native WS-Discovery","ONVIF WS-Discovery camera","Site-local discovery network","","","","","","Yes","","","ab1afe505bd48ca8d7b18c893fa9690168c16915 + PR #268","tests/test_category1_evidence.py; tests/test_category1_safe_camera_lifecycle.py","docs/reviews/CATEGORY1_CAMERA_CAPABILITY_AUDIT.md","docs/reviews/CATEGORY1_CAMERA_CAPABILITY_AUDIT.md#e1","NV","Software QA only; not device/site qualified","Discovery is tenant/site authorized and target-filtered; deployment must execute the multicast socket on the intended site network.","A-Core-VMS","2026-09-28"
"F01-002","LEVEL 1 — Basic / Small VMS","1","Device and Camera Support","Manual camera addition","N","QA","Native API","RTSP/ONVIF camera","MediaMTX","","","","","","Yes","","","ab1afe505bd48ca8d7b18c893fa9690168c16915 + PR #268","tests/test_category1_safe_camera_lifecycle.py","docs/reviews/CATEGORY1_CAMERA_CAPABILITY_AUDIT.md","docs/reviews/CATEGORY1_CAMERA_CAPABILITY_AUDIT.md#e8","NV","Software QA only; not device-qualified","Manual onboarding validates and pins targets; real-camera interoperability remains unverified.","A-Core-VMS","2026-09-28"
"F01-003","LEVEL 1 — Basic / Small VMS","1","Device and Camera Support","Automatic camera search","N","QA","Native WS-Discovery","ONVIF WS-Discovery camera","Site-local discovery network","","","","","","Yes","","","ab1afe505bd48ca8d7b18c893fa9690168c16915 + PR #268","tests/test_category1_evidence.py; tests/test_category1_safe_camera_lifecycle.py","docs/reviews/CATEGORY1_CAMERA_CAPABILITY_AUDIT.md","docs/reviews/CATEGORY1_CAMERA_CAPABILITY_AUDIT.md#e1","NV","Software QA only; not device/site qualified","Operator-triggered automatic LAN search; site-local multicast execution remains deployment-specific.","A-Core-VMS","2026-09-28"
"F01-004","LEVEL 1 — Basic / Small VMS","1","Device and Camera Support","Addition by IP address","N","QA","Native API","RTSP camera","MediaMTX","","","","","","Yes","","","ab1afe505bd48ca8d7b18c893fa9690168c16915 + PR #268","tests/test_category1_safe_camera_lifecycle.py","docs/reviews/CATEGORY1_CAMERA_CAPABILITY_AUDIT.md","docs/reviews/CATEGORY1_CAMERA_CAPABILITY_AUDIT.md#e8","NV","Software QA only; not device-qualified","Allowed camera-network policy is enforced; real-camera playback remains unverified.","A-Core-VMS","2026-09-28"
"F01-005","LEVEL 1 — Basic / Small VMS","1","Device and Camera Support","Addition by domain name","N","QA","Native API","DNS-resolvable RTSP camera","MediaMTX","","","","","","Yes","","","ab1afe505bd48ca8d7b18c893fa9690168c16915 + PR #268","tests/test_category1_safe_camera_lifecycle.py","docs/reviews/CATEGORY1_CAMERA_CAPABILITY_AUDIT.md","docs/reviews/CATEGORY1_CAMERA_CAPABILITY_AUDIT.md#e8","NV","Software QA only; not device-qualified","DNS names must resolve to exactly one allowed address and are pinned to that IP.","A-Core-VMS","2026-09-28"
"F01-006","LEVEL 1 — Basic / Small VMS","1","Device and Camera Support","Addition by serial number","C","QA","Site-local ONVIF serial onboarding","ONVIF camera exposing SerialNumber","Control API","","","","","","Yes","","","PR #276","tests/test_category1_finish_track_a1.py","docs/operations/CATEGORY1_REMAINING_CAMERA_SUPPORT.md","docs/reviews/CATEGORY1_CAMERA_CAPABILITY_AUDIT.md#e12","NV","Software QA only; named device/vendor/firmware qualification remains required","Exact serial matching is limited to bounded authorized site-local WS-Discovery candidates; no vendor-cloud/global serial lookup.","A-Core-VMS","2026-09-28"
"F01-007","LEVEL 1 — Basic / Small VMS","1","Device and Camera Support","Addition by QR code","R","TARGET","","","","","","","","","","","","","","docs/reviews/CATEGORY1_CAMERA_CAPABILITY_AUDIT.md","docs/reviews/CATEGORY1_CAMERA_CAPABILITY_AUDIT.md#category-1-row-audit","NV","Roadmap; complete capability not available","No QR scanning/onboarding flow.","A-Core-VMS",""
"F01-008","LEVEL 1 — Basic / Small VMS","1","Device and Camera Support","Username/password configuration","N","QA","Native encrypted credential storage","Credential-authenticated camera","MediaMTX/ONVIF","","","","","","Yes","","","ab1afe505bd48ca8d7b18c893fa9690168c16915 + PR #268","tests/test_category1_safe_camera_lifecycle.py; tests/test_reconciler_phase2b.py","docs/reviews/CATEGORY1_CAMERA_CAPABILITY_AUDIT.md","docs/reviews/CATEGORY1_CAMERA_CAPABILITY_AUDIT.md#e2","NV","Software QA only; not device-qualified","Initial credentials are supported; credential rotation/update remains a separate missing capability.","A-Core-VMS","2026-09-28"
"F01-009","LEVEL 1 — Basic / Small VMS","1","Device and Camera Support","ONVIF support","C","QA","Native ONVIF Device/Media client","ONVIF-conformant camera","","","","","","","Yes","","","ab1afe505bd48ca8d7b18c893fa9690168c16915 + PR #268","tests/test_onvif_phase2a.py; tests/test_category1_evidence.py; tests/test_category1_safe_camera_lifecycle.py","docs/reviews/CATEGORY1_CAMERA_CAPABILITY_AUDIT.md","docs/reviews/CATEGORY1_CAMERA_CAPABILITY_AUDIT.md#e3","NV","Software QA only; named vendor/model/firmware evidence required","Device/Media software path is implemented; no named real-camera interoperability evidence and ONVIF write controls remain incomplete.","A-Core-VMS","2026-09-28"
"F01-010","LEVEL 1 — Basic / Small VMS","1","Device and Camera Support","RTSP stream support","I","QA","Integrated MediaMTX","RTSP camera source","MediaMTX","","","","","","Yes","","","f40abe99d9420e6141486af4feb29967c7fcfbb7 + PR #268","tests/test_recording_phase3.py; tests/test_reconciler_phase2b.py; tests/test_category1_safe_camera_lifecycle.py","docs/reviews/CATEGORY1_CAMERA_CAPABILITY_AUDIT.md","docs/reviews/CATEGORY1_CAMERA_CAPABILITY_AUDIT.md#e4","NV","Software QA scope only; not a supported or device-qualified claim","MediaMTX RTSP wiring, target validation and diagnostic redaction are tested in software; real-device playback remains unverified.","A-Core-VMS","2026-09-28"
"F01-011","LEVEL 1 — Basic / Small VMS","1","Device and Camera Support","Manufacturer-specific drivers","R","TARGET","","","","","","","","","","","","","","docs/reviews/CATEGORY1_CAMERA_CAPABILITY_AUDIT.md","docs/reviews/CATEGORY1_CAMERA_CAPABILITY_AUDIT.md#category-1-row-audit","NV","Roadmap; complete capability not available","No vendor driver/adapter implementation.","A-Core-VMS",""
"F01-012","LEVEL 1 — Basic / Small VMS","1","Device and Camera Support","Connection testing","N","QA","Native probe/health API","Reachable camera","MediaMTX/ONVIF","","","","","","Yes","","","ab1afe505bd48ca8d7b18c893fa9690168c16915 + PR #268","tests/test_category1_safe_camera_lifecycle.py; tests/test_health_phase4.py","docs/reviews/CATEGORY1_CAMERA_CAPABILITY_AUDIT.md","docs/reviews/CATEGORY1_CAMERA_CAPABILITY_AUDIT.md#e5","NV","Software QA only; not device-qualified","Probe and immediate media health are bounded and redacted; real-network behavior remains unverified.","A-Core-VMS","2026-09-28"
"F01-013","LEVEL 1 — Basic / Small VMS","1","Device and Camera Support","Online/offline status","N","QA","Native health engine","Managed camera","MediaMTX","","","","","","Yes","","","ab1afe505bd48ca8d7b18c893fa9690168c16915 + PR #268","tests/test_health_phase4.py; tests/test_category1_safe_camera_lifecycle.py","docs/reviews/CATEGORY1_CAMERA_CAPABILITY_AUDIT.md","docs/reviews/CATEGORY1_CAMERA_CAPABILITY_AUDIT.md#e6","NV","Software QA only; not device-qualified","Immediate and persisted health exist; thresholds and real-device failure behavior remain deployment/device dependent.","A-Core-VMS","2026-09-28"
"F01-014","LEVEL 1 — Basic / Small VMS","1","Device and Camera Support","Camera naming","N","QA","Native lifecycle API","Managed camera","Control API","","","","","","Yes","","","PR #270","tests/test_camera_lifecycle_track_a1.py","docs/operations/CAMERA_LIFECYCLE.md","docs/reviews/CATEGORY1_CAMERA_CAPABILITY_AUDIT.md#e10","NV","Software QA only; not device-qualified","Display name can be changed while camera ID and stream keys remain stable; site/tenant moves are outside this API.","A-Core-VMS","2026-09-28"
"F01-015","LEVEL 1 — Basic / Small VMS","1","Device and Camera Support","Location description","N","QA","Native lifecycle API","Managed camera","Control API","","","","","","Yes","","","PR #270","tests/test_camera_lifecycle_track_a1.py","docs/operations/CAMERA_LIFECYCLE.md","docs/reviews/CATEGORY1_CAMERA_CAPABILITY_AUDIT.md#e10","NV","Software QA only; not device-qualified","Bounded free-text location metadata is supported; map/GIS coordinates are not part of this row.","A-Core-VMS","2026-09-28"
"F01-016","LEVEL 1 — Basic / Small VMS","1","Device and Camera Support","Camera grouping","N","QA","Native camera-group API","Managed camera","Control API","","","","","","Yes","","","PR #270","tests/test_camera_lifecycle_track_a1.py","docs/operations/CAMERA_LIFECYCLE.md","docs/reviews/CATEGORY1_CAMERA_CAPABILITY_AUDIT.md#e10","NV","Software QA only; not device-qualified","Groups are tenant/site scoped; deleting a group unassigns cameras and does not delete them.","A-Core-VMS","2026-09-28"
"F01-017","LEVEL 1 — Basic / Small VMS","1","Device and Camera Support","Camera deletion","N","QA","Native lifecycle API","Managed camera","MediaMTX","","","","","","Yes","","","ab1afe505bd48ca8d7b18c893fa9690168c16915 + PR #268","tests/test_category1_safe_camera_lifecycle.py","docs/reviews/CATEGORY1_CAMERA_CAPABILITY_AUDIT.md","docs/reviews/CATEGORY1_CAMERA_CAPABILITY_AUDIT.md#e8","NV","Software QA only; not production-qualified","Single-node continuous recorder and live paths are removed fail-closed; retained segment files follow storage retention and are not securely erased by camera delete.","A-Core-VMS","2026-09-28"
"F01-018","LEVEL 1 — Basic / Small VMS","1","Device and Camera Support","Camera replacement","N","QA","Native replacement workflow","RTSP camera","MediaMTX","","","","","","Yes","","","PR #270","tests/test_camera_lifecycle_track_a1.py","docs/operations/CAMERA_LIFECYCLE.md","docs/reviews/CATEGORY1_CAMERA_CAPABILITY_AUDIT.md#e10","NV","Software QA only; real-device replacement not qualified","Logical camera/stream identity is preserved and old ONVIF capability metadata is invalidated; named-device replacement remains unverified.","A-Core-VMS","2026-09-28"
"F01-019","LEVEL 1 — Basic / Small VMS","1","Device and Camera Support","Credential modification","N","QA","Native credential lifecycle","Credential-authenticated camera","MediaMTX","","","","","","Yes","","","PR #270","tests/test_camera_lifecycle_track_a1.py","docs/operations/CAMERA_LIFECYCLE.md","docs/reviews/CATEGORY1_CAMERA_CAPABILITY_AUDIT.md#e10","NV","Software QA only; not device-qualified","Credential rotation/clearing is encrypted and source refresh is rollback-aware; real-device authentication behavior remains unverified.","A-Core-VMS","2026-09-28"
"F01-020","LEVEL 1 — Basic / Small VMS","1","Device and Camera Support","Basic firmware info","C","QA","Native ONVIF metadata read","ONVIF-conformant camera","","","","","","","Yes","","","ab1afe505bd48ca8d7b18c893fa9690168c16915 + PR #268","tests/test_category1_evidence.py; tests/test_category1_safe_camera_lifecycle.py","docs/reviews/CATEGORY1_CAMERA_CAPABILITY_AUDIT.md","docs/reviews/CATEGORY1_CAMERA_CAPABILITY_AUDIT.md#e7","NV","Software QA only; named vendor/model/firmware evidence required","Firmware field parsing is implemented and public metadata is sanitized; device-specific accuracy remains unverified.","A-Core-VMS","2026-09-28"
"F01-021","LEVEL 1 — Basic / Small VMS","1","Device and Camera Support","Main-stream configuration","C","QA","ONVIF capability-dependent write API","ONVIF camera with advertised writable capability","Control API","","","","","","Yes","","","PR #272","tests/test_onvif_write_controls_track_a1.py","docs/operations/ONVIF_CAMERA_CONFIGURATION.md","docs/reviews/CATEGORY1_CAMERA_CAPABILITY_AUDIT.md#e11","NV","Software QA only; device/model/firmware qualification required","Main managed profile encoder can be validated/written/read back; support remains device-option dependent.","A-Core-VMS","2026-09-28"
"F01-022","LEVEL 1 — Basic / Small VMS","1","Device and Camera Support","Sub-stream configuration","C","QA","ONVIF capability-dependent write API","ONVIF camera with advertised writable capability","Control API","","","","","","Yes","","","PR #272","tests/test_onvif_write_controls_track_a1.py","docs/operations/ONVIF_CAMERA_CONFIGURATION.md","docs/reviews/CATEGORY1_CAMERA_CAPABILITY_AUDIT.md#e11","NV","Software QA only; device/model/firmware qualification required","Sub managed profile encoder can be validated/written/read back; support remains device-option dependent.","A-Core-VMS","2026-09-28"
"F01-023","LEVEL 1 — Basic / Small VMS","1","Device and Camera Support","Third-stream support","I","QA","Managed third ONVIF profile plus MediaMTX path","ONVIF camera with distinct third profile","MediaMTX + Control API","","","","","","Yes","","","PR #276","tests/test_category1_finish_track_a1.py","docs/operations/CATEGORY1_REMAINING_CAMERA_SUPPORT.md","docs/reviews/CATEGORY1_CAMERA_CAPABILITY_AUDIT.md#e12","NV","Software QA only; named device/vendor/firmware qualification remains required","Third stream has stable playback path, lifecycle, reconciliation and fencing; device must expose a usable distinct profile.","A-Core-VMS","2026-09-28"
"F01-024","LEVEL 1 — Basic / Small VMS","1","Device and Camera Support","Resolution configuration","C","QA","ONVIF capability-dependent write API","ONVIF camera with advertised writable capability","Control API","","","","","","Yes","","","PR #272","tests/test_onvif_write_controls_track_a1.py","docs/operations/ONVIF_CAMERA_CONFIGURATION.md","docs/reviews/CATEGORY1_CAMERA_CAPABILITY_AUDIT.md#e11","NV","Software QA only; device/model/firmware qualification required","Resolution writes are accepted only from camera-advertised encoder resolutions.","A-Core-VMS","2026-09-28"
"F01-025","LEVEL 1 — Basic / Small VMS","1","Device and Camera Support","Frame-rate configuration","C","QA","ONVIF capability-dependent write API","ONVIF camera with advertised writable capability","Control API","","","","","","Yes","","","PR #272","tests/test_onvif_write_controls_track_a1.py","docs/operations/ONVIF_CAMERA_CONFIGURATION.md","docs/reviews/CATEGORY1_CAMERA_CAPABILITY_AUDIT.md#e11","NV","Software QA only; device/model/firmware qualification required","Frame-rate writes are bounded by camera-advertised encoder options.","A-Core-VMS","2026-09-28"
"F01-026","LEVEL 1 — Basic / Small VMS","1","Device and Camera Support","Bit-rate configuration (CBR/VBR)","C","QA","ONVIF capability-dependent write API","ONVIF camera with advertised writable capability","Control API","","","","","","Yes","","","PR #272","tests/test_onvif_write_controls_track_a1.py","docs/operations/ONVIF_CAMERA_CONFIGURATION.md","docs/reviews/CATEGORY1_CAMERA_CAPABILITY_AUDIT.md#e11","NV","Software QA only; device/model/firmware qualification required","Bitrate/rate-mode writes occur only when the requested field/range is advertised; device behavior remains unqualified.","A-Core-VMS","2026-09-28"
"F01-027","LEVEL 1 — Basic / Small VMS","1","Device and Camera Support","H.264 / H.265 / MJPEG support","C","QA","Advertised codec-profile selection","ONVIF camera exposing H264/H265/JPEG profiles","Control API + MediaMTX","","","","","","Yes","","","PR #276","tests/test_category1_finish_track_a1.py","docs/operations/CATEGORY1_REMAINING_CAMERA_SUPPORT.md","docs/reviews/CATEGORY1_CAMERA_CAPABILITY_AUDIT.md#e12","NV","Software QA only; named device/vendor/firmware qualification remains required","VMS selects existing advertised H264/H265/JPEG(MJPEG) profiles; it does not force unsupported cross-codec encoder mutation.","A-Core-VMS","2026-09-28"
"F01-028","LEVEL 1 — Basic / Small VMS","1","Device and Camera Support","GOP configuration","C","QA","ONVIF capability-dependent write API","ONVIF camera with advertised writable capability","Control API","","","","","","Yes","","","PR #272","tests/test_onvif_write_controls_track_a1.py","docs/operations/ONVIF_CAMERA_CONFIGURATION.md","docs/reviews/CATEGORY1_CAMERA_CAPABILITY_AUDIT.md#e11","NV","Software QA only; device/model/firmware qualification required","GOV/GOP length is written only when the encoder configuration/options expose it.","A-Core-VMS","2026-09-28"
"F01-029","LEVEL 1 — Basic / Small VMS","1","Device and Camera Support","Video-quality configuration","C","QA","ONVIF capability-dependent write API","ONVIF camera with advertised writable capability","Control API","","","","","","Yes","","","PR #272","tests/test_onvif_write_controls_track_a1.py","docs/operations/ONVIF_CAMERA_CONFIGURATION.md","docs/reviews/CATEGORY1_CAMERA_CAPABILITY_AUDIT.md#e11","NV","Software QA only; device/model/firmware qualification required","Video quality writes are bounded by the advertised quality range.","A-Core-VMS","2026-09-28"
"F01-030","LEVEL 1 — Basic / Small VMS","1","Device and Camera Support","PAL/NTSC support","C","QA","ONVIF capability-dependent write API","ONVIF camera with advertised writable capability","Control API","","","","","","Yes","","","PR #272","tests/test_onvif_write_controls_track_a1.py","docs/operations/ONVIF_CAMERA_CONFIGURATION.md","docs/reviews/CATEGORY1_CAMERA_CAPABILITY_AUDIT.md#e11","NV","Software QA only; device/model/firmware qualification required","PAL/NTSC is mapped only when exactly one advertised VideoSourceMode description explicitly names the requested standard.","A-Core-VMS","2026-09-28"
"F01-031","LEVEL 1 — Basic / Small VMS","1","Device and Camera Support","Image rotation/mirror/flip","C","QA","ONVIF source orientation controls","ONVIF camera advertising rotation/mirror options","Control API","","","","","","Yes","","","PR #276","tests/test_category1_finish_track_a1.py","docs/operations/CATEGORY1_REMAINING_CAMERA_SUPPORT.md","docs/reviews/CATEGORY1_CAMERA_CAPABILITY_AUDIT.md#e12","NV","Software QA only; named device/vendor/firmware qualification remains required","Rotation/mirror are option-dependent; vertical flip is represented only when mirror plus 180-degree rotation primitives are advertised.","A-Core-VMS","2026-09-28"
"F01-032","LEVEL 1 — Basic / Small VMS","1","Device and Camera Support","Brightness/contrast/saturation/sharpness/hue adjustment","C","QA","ONVIF capability-dependent write API","ONVIF camera with advertised writable capability","Control API","","","","","","Yes","","","PR #272","tests/test_onvif_write_controls_track_a1.py","docs/operations/ONVIF_CAMERA_CONFIGURATION.md","docs/reviews/CATEGORY1_CAMERA_CAPABILITY_AUDIT.md#e11","NV","Software QA only; device/model/firmware qualification required","Brightness/contrast/saturation/sharpness and hue are written only when matching imaging fields/ranges are advertised.","A-Core-VMS","2026-09-28"
"F01-033","LEVEL 1 — Basic / Small VMS","1","Device and Camera Support","Day/night mode","C","QA","ONVIF capability-dependent write API","ONVIF camera with advertised writable capability","Control API","","","","","","Yes","","","PR #272","tests/test_onvif_write_controls_track_a1.py","docs/operations/ONVIF_CAMERA_CONFIGURATION.md","docs/reviews/CATEGORY1_CAMERA_CAPABILITY_AUDIT.md#e11","NV","Software QA only; device/model/firmware qualification required","Day/night control uses standard IrCutFilter only when advertised; vendor-private day/night behavior is not inferred.","A-Core-VMS","2026-09-28"
"F01-034","LEVEL 1 — Basic / Small VMS","1","Device and Camera Support","IR control","C","QA","ONVIF capability-dependent write API","ONVIF camera with advertised writable capability","Control API","","","","","","Yes","","","PR #272","tests/test_onvif_write_controls_track_a1.py","docs/operations/ONVIF_CAMERA_CONFIGURATION.md","docs/reviews/CATEGORY1_CAMERA_CAPABILITY_AUDIT.md#e11","NV","Software QA only; device/model/firmware qualification required","IR control sends only advertised reserved tt:IRLamp auxiliary commands; vendor-private illuminator commands remain unsupported.","A-Core-VMS","2026-09-28"
"F01-035","LEVEL 1 — Basic / Small VMS","1","Device and Camera Support","White balance","C","QA","ONVIF capability-dependent write API","ONVIF camera with advertised writable capability","Control API","","","","","","Yes","","","PR #272","tests/test_onvif_write_controls_track_a1.py","docs/operations/ONVIF_CAMERA_CONFIGURATION.md","docs/reviews/CATEGORY1_CAMERA_CAPABILITY_AUDIT.md#e11","NV","Software QA only; device/model/firmware qualification required","White-balance mode/gains are validated against advertised imaging options before write.","A-Core-VMS","2026-09-28"
"F01-036","LEVEL 1 — Basic / Small VMS","1","Device and Camera Support","Backlight compensation","C","QA","ONVIF capability-dependent write API","ONVIF camera with advertised writable capability","Control API","","","","","","Yes","","","PR #272","tests/test_onvif_write_controls_track_a1.py","docs/operations/ONVIF_CAMERA_CONFIGURATION.md","docs/reviews/CATEGORY1_CAMERA_CAPABILITY_AUDIT.md#e11","NV","Software QA only; device/model/firmware qualification required","Backlight compensation mode/level is device-option dependent.","A-Core-VMS","2026-09-28"
"F01-037","LEVEL 1 — Basic / Small VMS","1","Device and Camera Support","Wide dynamic range","C","QA","ONVIF capability-dependent write API","ONVIF camera with advertised writable capability","Control API","","","","","","Yes","","","PR #272","tests/test_onvif_write_controls_track_a1.py","docs/operations/ONVIF_CAMERA_CONFIGURATION.md","docs/reviews/CATEGORY1_CAMERA_CAPABILITY_AUDIT.md#e11","NV","Software QA only; device/model/firmware qualification required","WDR mode/level is device-option dependent.","A-Core-VMS","2026-09-28"
"F01-038","LEVEL 1 — Basic / Small VMS","1","Device and Camera Support","Exposure control","C","QA","ONVIF capability-dependent write API","ONVIF camera with advertised writable capability","Control API","","","","","","Yes","","","PR #272","tests/test_onvif_write_controls_track_a1.py","docs/operations/ONVIF_CAMERA_CONFIGURATION.md","docs/reviews/CATEGORY1_CAMERA_CAPABILITY_AUDIT.md#e11","NV","Software QA only; device/model/firmware qualification required","Exposure mode/priority/time/gain/iris are written only when advertised by Imaging options.","A-Core-VMS","2026-09-28"
"F01-039","LEVEL 1 — Basic / Small VMS","1","Device and Camera Support","Anti-flicker","C","QA","ONVIF capability-dependent write API","ONVIF camera with advertised writable capability","Control API","","","","","","Yes","","","PR #272","tests/test_onvif_write_controls_track_a1.py","docs/operations/ONVIF_CAMERA_CONFIGURATION.md","docs/reviews/CATEGORY1_CAMERA_CAPABILITY_AUDIT.md#e11","NV","Software QA only; device/model/firmware qualification required","Anti-flicker is supported only when a recognized writable anti-flicker/flicker/power-line field is advertised.","A-Core-VMS","2026-09-28"
"F01-040","LEVEL 1 — Basic / Small VMS","1","Device and Camera Support","Privacy-mask configuration","C","QA","ONVIF capability-dependent write API","ONVIF camera with advertised writable capability","Control API","","","","","","Yes","","","PR #272","tests/test_onvif_write_controls_track_a1.py","docs/operations/ONVIF_CAMERA_CONFIGURATION.md","docs/reviews/CATEGORY1_CAMERA_CAPABILITY_AUDIT.md#e11","NV","Software QA only; device/model/firmware qualification required","Privacy masks use Media2 GetMaskOptions/Create/Set/Delete; devices without Media2 mask service fail unsupported.","A-Core-VMS","2026-09-28"
"F01-041","LEVEL 1 — Basic / Small VMS","1","Device and Camera Support","Camera date/time","C","QA","ONVIF capability-dependent write API","ONVIF camera with advertised writable capability","Control API","","","","","","Yes","","","PR #272","tests/test_onvif_write_controls_track_a1.py","docs/operations/ONVIF_CAMERA_CONFIGURATION.md","docs/reviews/CATEGORY1_CAMERA_CAPABILITY_AUDIT.md#e11","NV","Software QA only; device/model/firmware qualification required","Device Management date/time writes use standard SetSystemDateAndTime and readback; NTP server provisioning is outside this row.","A-Core-VMS","2026-09-28"
"F01-042","LEVEL 1 — Basic / Small VMS","1","Device and Camera Support","Text overlay","C","QA","ONVIF capability-dependent write API","ONVIF camera with advertised writable capability","Control API","","","","","","Yes","","","PR #272","tests/test_onvif_write_controls_track_a1.py","docs/operations/ONVIF_CAMERA_CONFIGURATION.md","docs/reviews/CATEGORY1_CAMERA_CAPABILITY_AUDIT.md#e11","NV","Software QA only; device/model/firmware qualification required","Text OSD create/update/delete checks OSD options where available and preserves non-Plain OSD semantics.","A-Core-VMS","2026-09-28"
"F01-043","LEVEL 1 — Basic / Small VMS","1","Device and Camera Support","Camera-name overlay","C","QA","ONVIF capability-dependent write API","ONVIF camera with advertised writable capability","Control API","","","","","","Yes","","","PR #272","tests/test_onvif_write_controls_track_a1.py","docs/operations/ONVIF_CAMERA_CONFIGURATION.md","docs/reviews/CATEGORY1_CAMERA_CAPABILITY_AUDIT.md#e11","NV","Software QA only; device/model/firmware qualification required","Camera-name overlay writes the managed camera name to a Plain OSD; OSD support/count remains camera-dependent.","A-Core-VMS","2026-09-28"
"F02-001","LEVEL 1 — Basic / Small VMS","2","Live Video Monitoring","Single-camera view","N","QA","MediaMTX WebRTC/HLS with path-scoped grant + bounded readers","RTSP camera source","MediaMTX","","Yes","","","Yes","Yes","","","PR #277 + #281","tests/test_category2_live_media_auth.py; tests/test_category2_live_session_bounds.py","docs/reviews/CATEGORY2_LIVE_MONITORING_AUDIT.md; docs/security/LIVE_VIEW_SESSION_RESOURCE_POLICY.md","docs/reviews/CATEGORY2_LIVE_MONITORING_AUDIT.md#row-audit","NV","Software QA only; browser/device/capacity qualification pending","Authorized path-scoped media access and a configurable per-live-path MediaMTX reader safety ceiling are software-verified; real browser/camera/TURN/WAN behavior and measured viewer capacity remain pending.","A-Core-VMS","2026-10-01"
"F02-002","LEVEL 1 — Basic / Small VMS","2","Live Video Monitoring","2×2 / 3×3 / 4×4 / custom layouts","P","QA","Bounded fixed live-view workspace (web + native Windows)","","Web client + Native Windows client + MediaMTX","","","","","Yes","Yes","","","PR #284 + #11","tests/test_category2_multicamera_live_grid.py; clients/windows/tests/IntelligentVMS.Desktop.Tests/LiveGridTests.cs","docs/operations/MULTICAMERA_LIVE_VIEW.md; docs/operations/WINDOWS_DESKTOP_CLIENT.md; docs/architecture/ADR_WINDOWS_DESKTOP_LIVE_GRID.md; docs/reviews/CATEGORY2_LIVE_MONITORING_AUDIT.md","docs/reviews/CATEGORY2_LIVE_MONITORING_AUDIT.md#283-bounded-multi-camera-live-view-grid-foundation","NV","Fixed-layout software QA; custom/saved layouts and real workstation capacity remain pending","Selectable 1x1/2x2/3x3/4x4 web and native Windows layout architecture is software-evidenced; native assignment persistence is client-local only; custom layouts and real multi-stream workstation capacity are not qualified.","A-Core-VMS","2026-10-04"
"F02-003","LEVEL 1 — Basic / Small VMS","2","Live Video Monitoring","Full-screen display","P","TARGET","Browser media element","","Web client","","","","","Yes","","","","","","docs/reviews/CATEGORY2_LIVE_MONITORING_AUDIT.md","docs/reviews/CATEGORY2_LIVE_MONITORING_AUDIT.md#row-audit","NV","Partial","No VMS-owned tested fullscreen workflow.","A-Core-VMS",""
"F02-004","LEVEL 1 — Basic / Small VMS","2","Live Video Monitoring","Digital zoom","R","TARGET","","","","","","","","","","","","","","docs/reviews/CATEGORY2_LIVE_MONITORING_AUDIT.md","docs/reviews/CATEGORY2_LIVE_MONITORING_AUDIT.md#row-audit","NV","Missing","No digital zoom implementation.","A-Core-VMS",""
"F02-005","LEVEL 1 — Basic / Small VMS","2","Live Video Monitoring","Live snapshot","N","QA","Active-tile decoded-frame PNG snapshot/download","Authorized current WHEP live tile","Web client","","","","","Yes","Yes","","","PR #289","tests/test_category2_live_snapshot.py","docs/operations/LIVE_SNAPSHOT.md; docs/reviews/CATEGORY2_LIVE_MONITORING_AUDIT.md","docs/reviews/CATEGORY2_LIVE_MONITORING_AUDIT.md#288-secure-active-tile-live-snapshot","NV","Software QA complete; browser/device qualification pending","Captures the exact current MAIN/SUB/THIRD decoded live frame; no server snapshot store or original-sensor/evidence-grade claim.","A-Core-VMS","2026-10-01"
"F02-006","LEVEL 1 — Basic / Small VMS","2","Live Video Monitoring","Manual recording","N","QA","Durable recording-backed Start/Stop manual interval intent","Authoritative continuous MAIN recording","#291 recording-backed export + control database","","","","","Yes","Yes","","","PR #293","tests/test_category2_manual_recording.py; tests/test_category2_recording_clip_export.py","docs/operations/MANUAL_RECORDING.md; docs/operations/RECORDING_CLIP_EXPORT.md","PR #293 review 5378965251","NV","Software QA complete for durable Start/Stop manual recording intent","Manual interval requires continuous recording at Start; export still requires actual retained continuous coverage on one recording node. Real codec/browser/scale qualification remains external.","A-Core-VMS","2026-10-01"
"F02-007","LEVEL 1 — Basic / Small VMS","2","Live Video Monitoring","Start/stop live view","N","QA","Source-on-demand + authenticated WHEP tile lifecycle + bounded MediaMTX readers","","MediaMTX + Web client + Native Windows client","","","","","Yes","Yes","","","PR #277 + #281 + #284 + #11","tests/test_category2_live_media_auth.py; tests/test_category2_live_session_bounds.py; tests/test_category2_multicamera_live_grid.py; clients/windows/tests/IntelligentVMS.Desktop.Tests/LiveGridTests.cs","docs/operations/MULTICAMERA_LIVE_VIEW.md; docs/operations/WINDOWS_DESKTOP_CLIENT.md; docs/security/LIVE_VIEW_SESSION_RESOURCE_POLICY.md; docs/security/WINDOWS_DESKTOP_LIVE_GRID_SECURITY_REVIEW.md","docs/reviews/CATEGORY2_LIVE_MONITORING_AUDIT.md#283-bounded-multi-camera-live-view-grid-foundation","NV","Software QA only; browser/device qualification pending","Web and native Windows explicit tile assignment/start/stop/cleanup are software-evidenced; native automatic reconnect is intentionally absent; crash cleanup timing and identity-aware cross-camera quotas remain external/unimplemented boundaries.","A-Core-VMS","2026-10-04"
"F02-008","LEVEL 1 — Basic / Small VMS","2","Live Video Monitoring","Drag-and-drop cameras","P","QA","Authorized selector/double-click tile assignment","","Web client + Native Windows client","","","","","Yes","","","","PR #284 + #11","tests/test_category2_multicamera_live_grid.py; clients/windows/tests/IntelligentVMS.Desktop.Tests/LiveGridTests.cs","docs/operations/MULTICAMERA_LIVE_VIEW.md; docs/operations/WINDOWS_DESKTOP_CLIENT.md","docs/reviews/CATEGORY2_LIVE_MONITORING_AUDIT.md#283-bounded-multi-camera-live-view-grid-foundation","NV","Partial software QA","Accessible camera-to-selected-tile assignment, double-click assignment and duplicate prevention exist in the web/native foundations; drag-and-drop gesture itself remains unimplemented.","A-Core-VMS","2026-10-04"
"F02-009","LEVEL 1 — Basic / Small VMS","2","Live Video Monitoring","Camera sequence/tour","R","TARGET","","","","","","","","","","","","","","docs/reviews/CATEGORY2_LIVE_MONITORING_AUDIT.md","docs/reviews/CATEGORY2_LIVE_MONITORING_AUDIT.md#row-audit","NV","Missing","No camera sequence/tour lifecycle.","A-Core-VMS",""
"F02-010","LEVEL 1 — Basic / Small VMS","2","Live Video Monitoring","Previous/next camera","R","TARGET","","","","","","","","","","","","","","docs/reviews/CATEGORY2_LIVE_MONITORING_AUDIT.md","docs/reviews/CATEGORY2_LIVE_MONITORING_AUDIT.md#row-audit","NV","Missing","No previous/next selected-camera navigation.","A-Core-VMS",""
"F02-011","LEVEL 1 — Basic / Small VMS","2","Live Video Monitoring","Aspect-ratio control","R","TARGET","","","","","","","","","","","","","","docs/reviews/CATEGORY2_LIVE_MONITORING_AUDIT.md","docs/reviews/CATEGORY2_LIVE_MONITORING_AUDIT.md#row-audit","NV","Missing","No explicit aspect-ratio fit/fill/native control.","A-Core-VMS",""
"F02-012","LEVEL 1 — Basic / Small VMS","2","Live Video Monitoring","Stream-quality selection","N","QA","Explicit active-tile MAIN/SUB/THIRD selection with bounded live readers","Multi-profile camera","Control API + MediaMTX + Web client + Native Windows client","","","","","Yes","Yes","","","PR #276 + #277 + #281 + #286 + #11","tests/test_category1_finish_track_a1.py; tests/test_category2_live_media_auth.py; tests/test_category2_live_session_bounds.py; tests/test_category2_multicamera_live_grid.py; tests/test_category2_live_stream_roles.py; clients/windows/tests/IntelligentVMS.Desktop.Tests/LiveGridTests.cs","docs/operations/LIVE_STREAM_ROLE_SELECTION.md; docs/operations/WINDOWS_DESKTOP_CLIENT.md; docs/architecture/ADR_WINDOWS_DESKTOP_LIVE_GRID.md; docs/reviews/CATEGORY2_LIVE_MONITORING_AUDIT.md; docs/security/LIVE_VIEW_SESSION_RESOURCE_POLICY.md","docs/reviews/CATEGORY2_LIVE_MONITORING_AUDIT.md#285-active-tile-main--sub--third-live-stream-role-selection","NV","Software QA complete; physical camera/browser qualification pending","Explicit configured-role selection, exact-path grants, lifecycle/race fencing, native SUB-grid/MAIN-focus preference, reader bounds and recording/AI separation are software-evidenced. Device stream support, codecs, performance and WAN behavior remain externally unqualified.","A-Core-VMS","2026-10-04"
"F02-013","LEVEL 1 — Basic / Small VMS","2","Live Video Monitoring","Audio listening","P","TARGET","WebRTC audio transport","Camera/audio codec","MediaMTX","","","","","Yes","","","","","","docs/reviews/CATEGORY2_LIVE_MONITORING_AUDIT.md","docs/reviews/CATEGORY2_LIVE_MONITORING_AUDIT.md#row-audit","NV","Partial; device evidence required","Audio track transport is possible but named camera/codec and dedicated control evidence are absent.","A-Core-VMS",""
"F02-014","LEVEL 1 — Basic / Small VMS","2","Live Video Monitoring","Two-way audio","C","TARGET","","Camera with supported talkback/backchannel","","","","","","","","","","","","docs/reviews/CATEGORY2_LIVE_MONITORING_AUDIT.md","docs/reviews/CATEGORY2_LIVE_MONITORING_AUDIT.md#row-audit","NV","Device-dependent / missing","No two-way audio/backchannel implementation or named-device evidence.","A-Core-VMS",""
"F02-015","LEVEL 1 — Basic / Small VMS","2","Live Video Monitoring","Microphone/speaker control","C","TARGET","","Camera/client audio controls","","","","","","","","","","","","docs/reviews/CATEGORY2_LIVE_MONITORING_AUDIT.md","docs/reviews/CATEGORY2_LIVE_MONITORING_AUDIT.md#row-audit","NV","Device-dependent / missing","No VMS microphone/speaker/talkback control contract or hardware evidence.","A-Core-VMS",""
"F02-016","LEVEL 1 — Basic / Small VMS","2","Live Video Monitoring","Instant playback","P","TARGET","Recording timeline/playback API","","Recording/playback service","","","","","Yes","Yes","","","","","docs/reviews/CATEGORY2_LIVE_MONITORING_AUDIT.md","docs/reviews/CATEGORY2_LIVE_MONITORING_AUDIT.md#row-audit","NV","Partial","Playback exists; live-to-instant-playback look-back workflow is undefined.","A-Core-VMS",""
"F02-017","LEVEL 1 — Basic / Small VMS","2","Live Video Monitoring","Live pause/resume","P","TARGET","Browser media controls","","Web client","","","","","Yes","","","","","","docs/reviews/CATEGORY2_LIVE_MONITORING_AUDIT.md","docs/reviews/CATEGORY2_LIVE_MONITORING_AUDIT.md#row-audit","NV","Partial","No tested VMS pause/resume semantics or resource policy.","A-Core-VMS",""
"F02-018","LEVEL 1 — Basic / Small VMS","2","Live Video Monitoring","Camera/recording/motion/alarm status indicators","P","QA","Per-tile live connection state plus existing health/recording/event/alarm services","","Control API + Web client","","","","","Yes","Yes","","","PR #284","tests/test_category2_multicamera_live_grid.py","docs/operations/MULTICAMERA_LIVE_VIEW.md","docs/reviews/CATEGORY2_LIVE_MONITORING_AUDIT.md#283-bounded-multi-camera-live-view-grid-foundation","NV","Partial software QA","Per-tile connection/health state is present; composed recording/motion/alarm state in each live tile remains incomplete.","A-Core-VMS","2026-10-01"
"F02-019","LEVEL 1 — Basic / Small VMS","2","Live Video Monitoring","Date/time and camera-name display","P","TARGET","Camera card and event/playback timestamps","","Web client","","","","","Yes","","","","","","docs/reviews/CATEGORY2_LIVE_MONITORING_AUDIT.md","docs/reviews/CATEGORY2_LIVE_MONITORING_AUDIT.md#row-audit","NV","Partial","Camera name exists; no explicit live date/time overlay contract.","A-Core-VMS",""
"F02-020","LEVEL 1 — Basic / Small VMS","2","Live Video Monitoring","Local snapshot/recording storage","N","QA","Local PNG snapshot and bounded MP4 recording clip download","Authorized current WHEP live tile","Recording/playback service + Web client","","","","","Yes","Yes","","","PR #289; PR #291","tests/test_category2_live_snapshot.py; tests/test_category2_recording_clip_export.py","docs/operations/LIVE_SNAPSHOT.md; docs/operations/RECORDING_CLIP_EXPORT.md","PR #289 review 5377466211; PR #291 review 5377973113","NV","Software QA complete for local snapshot and recording-clip download","Browser-local download only; no persistent VMS evidence repository.","A-Core-VMS","2026-10-01"
"F02-021","LEVEL 1 — Basic / Small VMS","2","Live Video Monitoring","Snapshot and clip download","N","QA","Active-tile PNG snapshot plus bounded authorized MP4 recording clip download","","Recording/playback service + Web client","","","","","Yes","Yes","","","PR #289; PR #291","tests/test_category2_live_snapshot.py; tests/test_category2_recording_clip_export.py","docs/operations/LIVE_SNAPSHOT.md; docs/operations/RECORDING_CLIP_EXPORT.md","PR #289 review 5377466211; PR #291 review 5377973113","NV","Software QA complete for snapshot and bounded clip download","Clip export requires continuous single-recording-node coverage; codec/audio/frame-exact/scale qualification remains external.","A-Core-VMS","2026-10-01"
"F03-001","LEVEL 1 — Basic / Small VMS","3","Basic Recording","Continuous","N","QA","Native policy API + MediaMTX continuous fMP4 recording","RTSP camera MAIN stream","Control API + MediaMTX + recording storage","","Yes","","","Yes","Yes","","","","tests/test_recording_phase3.py; tests/test_category3_recording_policy_ui.py","docs/operations/BASIC_RECORDING_POLICY.md; docs/reviews/FIELD_TEST_DEPENDENCY_AUDIT.md","Issue #297","NV","Software QA complete; external camera/browser/storage/capacity qualification pending","Continuous MAIN/source-copy only; scheduled, event, motion and alarm recording are outside this milestone.","A-Core-VMS","2026-10-02"
"F03-002","LEVEL 1 — Basic / Small VMS","3","Basic Recording","Scheduled","R","TARGET","","","","","","","","","","","","","","","","NV","","","A-Core-VMS",""
"F03-003","LEVEL 1 — Basic / Small VMS","3","Basic Recording","Motion-based","R","TARGET","","","","","","","","","","","","","","","","NV","","","A-Core-VMS",""
"F03-004","LEVEL 1 — Basic / Small VMS","3","Basic Recording","Alarm-based","R","TARGET","","","","","","","","","","","","","","","","NV","","","A-Core-VMS",""
"F03-005","LEVEL 1 — Basic / Small VMS","3","Basic Recording","Manual","R","TARGET","","","","","","","","","","","","","","","","NV","","","A-Core-VMS",""
"F03-006","LEVEL 1 — Basic / Small VMS","3","Basic Recording","Event-based","R","TARGET","","","","","","","","","","","","","","","","NV","","","A-Core-VMS",""
"F03-007","LEVEL 1 — Basic / Small VMS","3","Basic Recording","Recording calendar","R","TARGET","","","","","","","","","","","","","","","","NV","","","A-Core-VMS",""
"F03-008","LEVEL 1 — Basic / Small VMS","3","Basic Recording","Day-wise/holiday schedule","R","TARGET","","","","","","","","","","","","","","","","NV","","","A-Core-VMS",""
"F03-009","LEVEL 1 — Basic / Small VMS","3","Basic Recording","Multiple recording periods","R","TARGET","","","","","","","","","","","","","","","","NV","","","A-Core-VMS",""
"F03-010","LEVEL 1 — Basic / Small VMS","3","Basic Recording","Pre-/post-event recording","R","TARGET","","","","","","","","","","","","","","","","NV","","","A-Core-VMS",""
"F03-011","LEVEL 1 — Basic / Small VMS","3","Basic Recording","Audio recording","R","TARGET","","","","","","","","","","","","","","","","NV","","","A-Core-VMS",""
"F03-012","LEVEL 1 — Basic / Small VMS","3","Basic Recording","Main-/sub-stream recording","R","TARGET","","","","","","","","","","","","","","","","NV","","","A-Core-VMS",""
"F03-013","LEVEL 1 — Basic / Small VMS","3","Basic Recording","Retention settings","N","QA","Native per-camera retention policy + browser control","RTSP camera MAIN stream","Control API + MediaMTX + recording storage","","Yes","","","Yes","Yes","","","","tests/test_recording_phase3.py; tests/test_category3_recording_policy_ui.py","docs/operations/BASIC_RECORDING_POLICY.md; docs/reviews/FIELD_TEST_DEPENDENCY_AUDIT.md","Issue #297","NV","Software QA complete; external camera/browser/storage/capacity qualification pending","Age-based retention is 1-3650 days through recordDeleteAfter; storage-full overwrite, legal hold, archive and quota behavior are outside this milestone.","A-Core-VMS","2026-10-02"
"F03-014","LEVEL 1 — Basic / Small VMS","3","Basic Recording","Automatic overwrite","R","TARGET","","","","","","","","","","","","","","","","NV","","","A-Core-VMS",""
"F03-015","LEVEL 1 — Basic / Small VMS","3","Basic Recording","Recording-status monitoring","R","TARGET","","","","","","","","","","","","","","","","NV","","","A-Core-VMS",""
"F03-016","LEVEL 1 — Basic / Small VMS","3","Basic Recording","Missing-recording indication","R","TARGET","","","","","","","","","","","","","","","","NV","","","A-Core-VMS",""
"F03-017","LEVEL 1 — Basic / Small VMS","3","Basic Recording","Storage-full notification","R","TARGET","","","","","","","","","","","","","","","","NV","","","A-Core-VMS",""
"F03-018","LEVEL 1 — Basic / Small VMS","3","Basic Recording","Recording lock/unlock","R","TARGET","","","","","","","","","","","","","","","","NV","","","A-Core-VMS",""
"F03-019","LEVEL 1 — Basic / Small VMS","3","Basic Recording","Protected recording","R","TARGET","","","","","","","","","","","","","","","","NV","","","A-Core-VMS",""
"F03-020","LEVEL 1 — Basic / Small VMS","3","Basic Recording","Basic storage-quota allocation","R","TARGET","","","","","","","","","","","","","","","","NV","","","A-Core-VMS",""
"F04-001","LEVEL 1 — Basic / Small VMS","4","Playback and Export","Single-/multi-camera playback","R","TARGET","","","","","","","","","","","","","","","","NV","","","A-Core-VMS",""
"F04-002","LEVEL 1 — Basic / Small VMS","4","Playback and Export","Playback by date/time","N","QA","Authorized recording timeline + MediaMTX playback by selected date/time","Retained authoritative MAIN recording","Control API + recording index + MediaMTX playback","","Yes","","","Yes","Yes","","","","tests/test_category4_playback_workflow.py; tests/test_category2_recording_clip_export.py","docs/operations/PLAYBACK_WORKFLOW.md; docs/reviews/CATEGORY4_PLAYBACK_AUDIT.md","Issue #299","NV","Software QA complete for focused single-camera playback workflow; external browser/camera/storage qualification pending","Single-camera workflow only; browser/codec/long-duration seek behavior remains externally unqualified.","A-Core-VMS","2026-10-02"
"F04-003","LEVEL 1 — Basic / Small VMS","4","Playback and Export","Timeline","N","QA","Native bounded recording-span timeline","Retained authoritative MAIN recording","Control API + recording index + MediaMTX playback","","Yes","","","Yes","Yes","","","","tests/test_category4_playback_workflow.py; tests/test_category2_recording_clip_export.py","docs/operations/PLAYBACK_WORKFLOW.md; docs/reviews/CATEGORY4_PLAYBACK_AUDIT.md","Issue #299","NV","Software QA complete for focused single-camera playback workflow; external browser/camera/storage qualification pending","Timeline shows recording availability spans; event markers, filters and timeline zoom remain separate catalog features.","A-Core-VMS","2026-10-02"
"F04-004","LEVEL 1 — Basic / Small VMS","4","Playback and Export","Play/pause","N","QA","VMS play/pause controls over bounded HTML5 MP4 playback","Retained authoritative MAIN recording","Control API + recording index + MediaMTX playback","","Yes","","","Yes","Yes","","","","tests/test_category4_playback_workflow.py; tests/test_category2_recording_clip_export.py","docs/operations/PLAYBACK_WORKFLOW.md; docs/reviews/CATEGORY4_PLAYBACK_AUDIT.md","Issue #299","NV","Software QA complete for focused single-camera playback workflow; external browser/camera/storage qualification pending","No advanced speed, reverse or frame-by-frame controls are claimed.","A-Core-VMS","2026-10-02"
"F04-005","LEVEL 1 — Basic / Small VMS","4","Playback and Export","Fast/slow forward","R","TARGET","","","","","","","","","","","","","","","","NV","","","A-Core-VMS",""
"F04-006","LEVEL 1 — Basic / Small VMS","4","Playback and Export","Reverse and frame-by-frame playback","R","TARGET","","","","","","","","","","","","","","","","NV","","","A-Core-VMS",""
"F04-007","LEVEL 1 — Basic / Small VMS","4","Playback and Export","Timeline zoom","R","TARGET","","","","","","","","","","","","","","","","NV","","","A-Core-VMS",""
"F04-008","LEVEL 1 — Basic / Small VMS","4","Playback and Export","Recorded-video snapshot","R","TARGET","","","","","","","","","","","","","","","","NV","","","A-Core-VMS",""
"F04-009","LEVEL 1 — Basic / Small VMS","4","Playback and Export","Event markers","R","TARGET","","","","","","","","","","","","","","","","NV","","","A-Core-VMS",""
"F04-010","LEVEL 1 — Basic / Small VMS","4","Playback and Export","Motion/alarm/manual/continuous filtering","R","TARGET","","","","","","","","","","","","","","","","NV","","","A-Core-VMS",""
"F04-011","LEVEL 1 — Basic / Small VMS","4","Playback and Export","Clip selection","N","QA","Recorded-span clip interval selection","Retained authoritative MAIN recording","Control API + recording index + MediaMTX playback","","Yes","","","Yes","Yes","","","","tests/test_category4_playback_workflow.py; tests/test_category2_recording_clip_export.py","docs/operations/PLAYBACK_WORKFLOW.md; docs/reviews/CATEGORY4_PLAYBACK_AUDIT.md","Issue #299","NV","Software QA complete for focused single-camera playback workflow; external browser/camera/storage qualification pending","Selection is constrained to one displayed recording span; cross-gap/cross-node export is rejected server-side.","A-Core-VMS","2026-10-02"
"F04-012","LEVEL 1 — Basic / Small VMS","4","Playback and Export","Native/standard export (MP4, AVI)","R","TARGET","","","","","","","","","","","","","","","","NV","","","A-Core-VMS",""
"F04-013","LEVEL 1 — Basic / Small VMS","4","Playback and Export","Export player","R","TARGET","","","","","","","","","","","","","","","","NV","","","A-Core-VMS",""
"F04-014","LEVEL 1 — Basic / Small VMS","4","Playback and Export","Start/end-time selection","N","QA","Operator clip start/end selection within one recorded span","Retained authoritative MAIN recording","Control API + recording index + MediaMTX playback","","Yes","","","Yes","Yes","","","","tests/test_category4_playback_workflow.py; tests/test_category2_recording_clip_export.py","docs/operations/PLAYBACK_WORKFLOW.md; docs/reviews/CATEGORY4_PLAYBACK_AUDIT.md","Issue #299","NV","Software QA complete for focused single-camera playback workflow; external browser/camera/storage qualification pending","Clip interval must remain inside one selected recorded span and existing server export limits still apply.","A-Core-VMS","2026-10-02"
"F04-015","LEVEL 1 — Basic / Small VMS","4","Playback and Export","Export progress/cancellation","R","TARGET","","","","","","","","","","","","","","","","NV","","","A-Core-VMS",""
"F04-016","LEVEL 1 — Basic / Small VMS","4","Playback and Export","Basic watermark verification","R","TARGET","","","","","","","","","","","","","","","","NV","","","A-Core-VMS",""
"F04-017","LEVEL 1 — Basic / Small VMS","4","Playback and Export","Password-protected export","R","TARGET","","","","","","","","","","","","","","","","NV","","","A-Core-VMS",""
"F05-001","LEVEL 1 — Basic / Small VMS","5","Basic PTZ Control","Pan/tilt","R","TARGET","","","","","","","","","","","","","","","","NV","","","A-Core-VMS",""
"F05-002","LEVEL 1 — Basic / Small VMS","5","Basic PTZ Control","Optical/digital zoom","R","TARGET","","","","","","","","","","","","","","","","NV","","","A-Core-VMS",""
"F05-003","LEVEL 1 — Basic / Small VMS","5","Basic PTZ Control","Focus near/far","R","TARGET","","","","","","","","","","","","","","","","NV","","","A-Core-VMS",""
"F05-004","LEVEL 1 — Basic / Small VMS","5","Basic PTZ Control","Iris open/close","R","TARGET","","","","","","","","","","","","","","","","NV","","","A-Core-VMS",""
"F05-005","LEVEL 1 — Basic / Small VMS","5","Basic PTZ Control","PTZ speed control","R","TARGET","","","","","","","","","","","","","","","","NV","","","A-Core-VMS",""
"F05-006","LEVEL 1 — Basic / Small VMS","5","Basic PTZ Control","Presets (create/call/delete)","R","TARGET","","","","","","","","","","","","","","","","NV","","","A-Core-VMS",""
"F05-007","LEVEL 1 — Basic / Small VMS","5","Basic PTZ Control","Preset tour","R","TARGET","","","","","","","","","","","","","","","","NV","","","A-Core-VMS",""
"F05-008","LEVEL 1 — Basic / Small VMS","5","Basic PTZ Control","Patrol","R","TARGET","","","","","","","","","","","","","","","","NV","","","A-Core-VMS",""
"F05-009","LEVEL 1 — Basic / Small VMS","5","Basic PTZ Control","Pattern","R","TARGET","","","","","","","","","","","","","","","","NV","","","A-Core-VMS",""
"F05-010","LEVEL 1 — Basic / Small VMS","5","Basic PTZ Control","Auto-pan","R","TARGET","","","","","","","","","","","","","","","","NV","","","A-Core-VMS",""
"F05-011","LEVEL 1 — Basic / Small VMS","5","Basic PTZ Control","Wiper/washer/light/IR/heater control","R","TARGET","","","","","","","","","","","","","","","","NV","","","A-Core-VMS",""
"F05-012","LEVEL 1 — Basic / Small VMS","5","Basic PTZ Control","PTZ lock","R","TARGET","","","","","","","","","","","","","","","","NV","","","A-Core-VMS",""
"F05-013","LEVEL 1 — Basic / Small VMS","5","Basic PTZ Control","Home position","R","TARGET","","","","","","","","","","","","","","","","NV","","","A-Core-VMS",""
"F05-014","LEVEL 1 — Basic / Small VMS","5","Basic PTZ Control","Auxiliary commands","R","TARGET","","","","","","","","","","","","","","","","NV","","","A-Core-VMS",""
"F06-001","LEVEL 1 — Basic / Small VMS","6","Basic User Management","Administrator/operator/viewer accounts","R","TARGET","","","","","","","","","","","","","","","","NV","","","A-Core-VMS",""
"F06-002","LEVEL 1 — Basic / Small VMS","6","Basic User Management","Local user creation","R","TARGET","","","","","","","","","","","","","","","","NV","","","A-Core-VMS",""
"F06-003","LEVEL 1 — Basic / Small VMS","6","Basic User Management","Username/password login","R","TARGET","","","","","","","","","","","","","","","","NV","","","A-Core-VMS",""
"F06-004","LEVEL 1 — Basic / Small VMS","6","Basic User Management","Password change/complexity/expiry","R","TARGET","","","","","","","","","","","","","","","","NV","","","A-Core-VMS",""
"F06-005","LEVEL 1 — Basic / Small VMS","6","Basic User Management","Account enable/disable","R","TARGET","","","","","","","","","","","","","","","","NV","","","A-Core-VMS",""
"F06-006","LEVEL 1 — Basic / Small VMS","6","Basic User Management","Camera-view/playback/export/PTZ/config permissions","R","TARGET","","","","","","","","","","","","","","","","NV","","","A-Core-VMS",""
"F06-007","LEVEL 1 — Basic / Small VMS","6","Basic User Management","Basic role creation","R","TARGET","","","","","","","","","","","","","","","","NV","","","A-Core-VMS",""
"F06-008","LEVEL 1 — Basic / Small VMS","6","Basic User Management","Logout, automatic logout","R","TARGET","","","","","","","","","","","","","","","","NV","","","A-Core-VMS",""
"F06-009","LEVEL 1 — Basic / Small VMS","6","Basic User Management","Failed-login limits, lockout","R","TARGET","","","","","","","","","","","","","","","","NV","","","A-Core-VMS",""
"F06-010","LEVEL 1 — Basic / Small VMS","6","Basic User Management","Login history","R","TARGET","","","","","","","","","","","","","","","","NV","","","A-Core-VMS",""
"F07-001","LEVEL 1 — Basic / Small VMS","7","Basic Events","Motion detection","R","TARGET","","","","","","","","","","","","","","","","NV","","","A-Core-VMS",""
"F07-002","LEVEL 1 — Basic / Small VMS","7","Basic Events","Video loss","R","TARGET","","","","","","","","","","","","","","","","NV","","","A-Core-VMS",""
"F07-003","LEVEL 1 — Basic / Small VMS","7","Basic Events","Camera offline","R","TARGET","","","","","","","","","","","","","","","","NV","","","A-Core-VMS",""
"F07-004","LEVEL 1 — Basic / Small VMS","7","Basic Events","Video tampering","R","TARGET","","","","","","","","","","","","","","","","NV","","","A-Core-VMS",""
"F07-005","LEVEL 1 — Basic / Small VMS","7","Basic Events","Storage full/error","R","TARGET","","","","","","","","","","","","","","","","NV","","","A-Core-VMS",""
"F07-006","LEVEL 1 — Basic / Small VMS","7","Basic Events","Alarm input/output","R","TARGET","","","","","","","","","","","","","","","","NV","","","A-Core-VMS",""
"F07-007","LEVEL 1 — Basic / Small VMS","7","Basic Events","Basic email notification","R","TARGET","","","","","","","","","","","","","","","","NV","","","A-Core-VMS",""
"F07-008","LEVEL 1 — Basic / Small VMS","7","Basic Events","Audible warning","R","TARGET","","","","","","","","","","","","","","","","NV","","","A-Core-VMS",""
"F07-009","LEVEL 1 — Basic / Small VMS","7","Basic Events","Pop-up video","R","TARGET","","","","","","","","","","","","","","","","NV","","","A-Core-VMS",""
"F07-010","LEVEL 1 — Basic / Small VMS","7","Basic Events","Recording/snapshot/PTZ-preset triggers","R","TARGET","","","","","","","","","","","","","","","","NV","","","A-Core-VMS",""
"F07-011","LEVEL 1 — Basic / Small VMS","7","Basic Events","On-screen message","R","TARGET","","","","","","","","","","","","","","","","NV","","","A-Core-VMS",""
"F07-012","LEVEL 1 — Basic / Small VMS","7","Basic Events","Event log","R","TARGET","","","","","","","","","","","","","","","","NV","","","A-Core-VMS",""
"F07-013","LEVEL 1 — Basic / Small VMS","7","Basic Events","Event acknowledgement","R","TARGET","","","","","","","","","","","","","","","","NV","","","A-Core-VMS",""
"F08-001","LEVEL 1 — Basic / Small VMS","8","Basic Client Applications","Windows desktop client","R","QA",".NET 10 WPF x64 native shell; replaceable WebView2 WHEP renderer","","Existing Intelligent VMS Control API + MediaMTX/WHEP","","","","","","Yes","","","PR #7","clients/windows/tests/IntelligentVMS.Desktop.Tests/Program.cs; .github/workflows/intelligent-vms-windows-client.yml","docs/operations/WINDOWS_DESKTOP_CLIENT.md","docs/testing/WINDOWS_DESKTOP_CLIENT_QA.md","NV","Software QA foundation only; Windows 10/11 external qualification pending","One active live tile is implemented; no high-density/GPU capacity or full playback/alarm workstation claim.","A-Core-VMS","2026-10-04"
"F08-002","LEVEL 1 — Basic / Small VMS","8","Basic Client Applications","Web client","R","TARGET","","","","","","","","","","","","","","","","NV","","","A-Core-VMS",""
"F08-003","LEVEL 1 — Basic / Small VMS","8","Basic Client Applications","Android/iOS apps","R","TARGET","","","","","","","","","","","","","","","","NV","","","A-Core-VMS",""
"F08-004","LEVEL 1 — Basic / Small VMS","8","Basic Client Applications","Mobile live view/playback/snapshot/PTZ","R","TARGET","","","","","","","","","","","","","","","","NV","","","A-Core-VMS",""
"F08-005","LEVEL 1 — Basic / Small VMS","8","Basic Client Applications","Mobile push notification","R","TARGET","","","","","","","","","","","","","","","","NV","","","A-Core-VMS",""
"F08-006","LEVEL 1 — Basic / Small VMS","8","Basic Client Applications","Remote and LAN access","R","TARGET","","","","","","","","","","","","","","","","NV","","","A-Core-VMS",""
"F08-007","LEVEL 1 — Basic / Small VMS","8","Basic Client Applications","Secure login","R","QA","System-browser OIDC Authorization Code + PKCE S256 plus existing VMS JWT/RBAC authority","","OIDC IdP + Intelligent VMS authentication API","","","","","","Yes","","","PR #9","clients/windows/tests/IntelligentVMS.Desktop.Tests/OidcSecurityTests.cs; clients/windows/tests/IntelligentVMS.Desktop.Tests/Program.cs","docs/operations/WINDOWS_DESKTOP_CLIENT.md","docs/architecture/ADR_WINDOWS_DESKTOP_OIDC_PKCE.md; docs/security/WINDOWS_DESKTOP_OIDC_THREAT_REVIEW.md","NV","Generic OIDC public-client software QA only; no named IdP qualification","System-browser OIDC/PKCE and manual-token fallback are capability-driven; enterprise IdP/MFA/Windows qualification remains external.","A-Core-VMS","2026-10-04"
"F08-008","LEVEL 1 — Basic / Small VMS","8","Basic Client Applications","Remember-login","R","QA","Profile-scoped Windows Credential Manager refresh/session persistence","","Windows Credential Manager + OIDC IdP + existing VMS auth API","","","","","","Yes","","","PR #9","clients/windows/tests/IntelligentVMS.Desktop.Tests/OidcSecurityTests.cs; clients/windows/tests/IntelligentVMS.Desktop.Tests/Program.cs","docs/operations/WINDOWS_DESKTOP_CLIENT.md","docs/architecture/ADR_WINDOWS_DESKTOP_OIDC_PKCE.md","NV","Software QA only; Remember Me explicitly controls protected persistence","OIDC access token remains memory-only; refresh persistence requires IdP refresh-token support; global IdP logout is not claimed.","A-Core-VMS","2026-10-04"
"F08-009","LEVEL 1 — Basic / Small VMS","8","Basic Client Applications","Favourite-camera list","R","TARGET","","","","","","","","","","","","","","","","NV","","","A-Core-VMS",""
"F09-001","LEVEL 2 — Professional VMS","9","Advanced Device Management","Bulk camera addition","R","TARGET","","","","","","","","","","","","","","","","NV","","","B-Professional-VMS",""
"F09-002","LEVEL 2 — Professional VMS","9","Advanced Device Management","CSV import/export","R","TARGET","","","","","","","","","","","","","","","","NV","","","B-Professional-VMS",""
"F09-003","LEVEL 2 — Professional VMS","9","Advanced Device Management","Bulk IP/credential/time-sync/encoding/naming updates","R","TARGET","","","","","","","","","","","","","","","","NV","","","B-Professional-VMS",""
"F09-004","LEVEL 2 — Professional VMS","9","Advanced Device Management","Configuration templates","R","TARGET","","","","","","","","","","","","","","","","NV","","","B-Professional-VMS",""
"F09-005","LEVEL 2 — Professional VMS","9","Advanced Device Management","Camera cloning","R","TARGET","","","","","","","","","","","","","","","","NV","","","B-Professional-VMS",""
"F09-006","LEVEL 2 — Professional VMS","9","Advanced Device Management","Automatic driver selection","R","TARGET","","","","","","","","","","","","","","","","NV","","","B-Professional-VMS",""
"F09-007","LEVEL 2 — Professional VMS","9","Advanced Device Management","Driver-pack updates","R","TARGET","","","","","","","","","","","","","","","","NV","","","B-Professional-VMS",""
"F09-008","LEVEL 2 — Professional VMS","9","Advanced Device Management","Multi-vendor support","R","TARGET","","","","","","","","","","","","","","","","NV","","","B-Professional-VMS",""
"F09-009","LEVEL 2 — Professional VMS","9","Advanced Device Management","Encoder/decoder support","R","TARGET","","","","","","","","","","","","","","","","NV","","","B-Professional-VMS",""
"F09-010","LEVEL 2 — Professional VMS","9","Advanced Device Management","DVR/NVR/hybrid-DVR integration","R","TARGET","","","","","","","","","","","","","","","","NV","","","B-Professional-VMS",""
"F09-011","LEVEL 2 — Professional VMS","9","Advanced Device Management","Body-worn/mobile-camera support","R","TARGET","","","","","","","","","","","","","","","","NV","","","B-Professional-VMS",""
"F09-012","LEVEL 2 — Professional VMS","9","Advanced Device Management","Fisheye and 360° cameras","R","TARGET","","","","","","","","","","","","","","","","NV","","","B-Professional-VMS",""
"F09-013","LEVEL 2 — Professional VMS","9","Advanced Device Management","Multisensor cameras","R","TARGET","","","","","","","","","","","","","","","","NV","","","B-Professional-VMS",""
"F09-014","LEVEL 2 — Professional VMS","9","Advanced Device Management","Thermal, radar, explosion-proof, ANPR, intercom cameras","R","TARGET","","","","","","","","","","","","","","","","NV","","","B-Professional-VMS",""
"F09-015","LEVEL 2 — Professional VMS","9","Advanced Device Management","Edge storage, SD-card recording, edge-recording retrieval and auto-sync","R","TARGET","","","","","","","","","","","","","","","","NV","","","B-Professional-VMS",""
"F09-016","LEVEL 2 — Professional VMS","9","Advanced Device Management","Device health status","R","TARGET","","","","","","","","","","","","","","","","NV","","","B-Professional-VMS",""
"F09-017","LEVEL 2 — Professional VMS","9","Advanced Device Management","Remote reboot, web-page access, firmware upgrade","R","TARGET","","","","","","","","","","","","","","","","NV","","","B-Professional-VMS",""
"F09-018","LEVEL 2 — Professional VMS","9","Advanced Device Management","Firmware version control","R","TARGET","","","","","","","","","","","","","","","","NV","","","B-Professional-VMS",""
"F09-019","LEVEL 2 — Professional VMS","9","Advanced Device Management","Camera certificate management","R","TARGET","","","","","","","","","","","","","","","","NV","","","B-Professional-VMS",""
"F09-020","LEVEL 2 — Professional VMS","9","Advanced Device Management","Device configuration backup/restore","R","TARGET","","","","","","","","","","","","","","","","NV","","","B-Professional-VMS",""
"F10-001","LEVEL 2 — Professional VMS","10","Professional Recording and Storage","Separate recording servers","R","TARGET","","","","","","","","","","","","","","","","NV","","","B-Professional-VMS",""
"F10-002","LEVEL 2 — Professional VMS","10","Professional Recording and Storage","NAS/SAN/iSCSI/DAS support","R","TARGET","","","","","","","","","","","","","","","","NV","","","B-Professional-VMS",""
"F10-003","LEVEL 2 — Professional VMS","10","Professional Recording and Storage","RAID integration","R","TARGET","","","","","","","","","","","","","","","","NV","","","B-Professional-VMS",""
"F10-004","LEVEL 2 — Professional VMS","10","Professional Recording and Storage","Multiple storage volumes and priority","R","TARGET","","","","","","","","","","","","","","","","NV","","","B-Professional-VMS",""
"F10-005","LEVEL 2 — Professional VMS","10","Professional Recording and Storage","Camera-/group-/event-/resolution-wise retention","R","TARGET","","","","","","","","","","","","","","","","NV","","","B-Professional-VMS",""
"F10-006","LEVEL 2 — Professional VMS","10","Professional Recording and Storage","Archive storage and scheduling","R","TARGET","","","","","","","","","","","","","","","","NV","","","B-Professional-VMS",""
"F10-007","LEVEL 2 — Professional VMS","10","Professional Recording and Storage","Long-term/evidence storage","R","TARGET","","","","","","","","","","","","","","","","NV","","","B-Professional-VMS",""
"F10-008","LEVEL 2 — Professional VMS","10","Professional Recording and Storage","Automatic storage balancing","R","TARGET","","","","","","","","","","","","","","","","NV","","","B-Professional-VMS",""
"F10-009","LEVEL 2 — Professional VMS","10","Professional Recording and Storage","Disk-health monitoring and failure alarm","R","TARGET","","","","","","","","","","","","","","","","NV","","","B-Professional-VMS",""
"F10-010","LEVEL 2 — Professional VMS","10","Professional Recording and Storage","Storage forecasting","R","TARGET","","","","","","","","","","","","","","","","NV","","","B-Professional-VMS",""
"F10-011","LEVEL 2 — Professional VMS","10","Professional Recording and Storage","Bandwidth/capacity calculators","R","TARGET","","","","","","","","","","","","","","","","NV","","","B-Professional-VMS",""
"F10-012","LEVEL 2 — Professional VMS","10","Professional Recording and Storage","Database repair and validation","R","TARGET","","","","","","","","","","","","","","","","NV","","","B-Professional-VMS",""
"F10-013","LEVEL 2 — Professional VMS","10","Professional Recording and Storage","Recording-availability and gaps reports","R","TARGET","","","","","","","","","","","","","","","","NV","","","B-Professional-VMS",""
"F10-014","LEVEL 2 — Professional VMS","10","Professional Recording and Storage","Evidence locking, legal retention","R","TARGET","","","","","","","","","","","","","","","","NV","","","B-Professional-VMS",""
"F10-015","LEVEL 2 — Professional VMS","10","Professional Recording and Storage","Storage encryption","R","TARGET","","","","","","","","","","","","","","","","NV","","","B-Professional-VMS",""
"F10-016","LEVEL 2 — Professional VMS","10","Professional Recording and Storage","Automatic edge-backfill","R","TARGET","","","","","","","","","","","","","","","","NV","","","B-Professional-VMS",""
"F10-017","LEVEL 2 — Professional VMS","10","Professional Recording and Storage","Dual (local + central) recording","R","TARGET","","","","","","","","","","","","","","","","NV","","","B-Professional-VMS",""
"F10-018","LEVEL 2 — Professional VMS","10","Professional Recording and Storage","Low-bandwidth recording","R","TARGET","","","","","","","","","","","","","","","","NV","","","B-Professional-VMS",""
"F10-019","LEVEL 2 — Professional VMS","10","Professional Recording and Storage","Adaptive/dynamic stream selection","R","TARGET","","","","","","","","","","","","","","","","NV","","","B-Professional-VMS",""
"F11-001","LEVEL 2 — Professional VMS","11","Professional Playback and Investigation","Synchronized multi-camera playback","R","TARGET","","","","","","","","","","","","","","","","NV","","","B-Professional-VMS",""
"F11-002","LEVEL 2 — Professional VMS","11","Professional Playback and Investigation","Playback layout","R","TARGET","","","","","","","","","","","","","","","","NV","","","B-Professional-VMS",""
"F11-003","LEVEL 2 — Professional VMS","11","Professional Playback and Investigation","Event/motion/smart/ROI/thumbnail/time-slice/activity search","R","TARGET","","","","","","","","","","","","","","","","NV","","","B-Professional-VMS",""
"F11-004","LEVEL 2 — Professional VMS","11","Professional Playback and Investigation","Bookmarks with categories/comments","R","TARGET","","","","","","","","","","","","","","","","NV","","","B-Professional-VMS",""
"F11-005","LEVEL 2 — Professional VMS","11","Professional Playback and Investigation","Evidence notes, incident tagging","R","TARGET","","","","","","","","","","","","","","","","NV","","","B-Professional-VMS",""
"F11-006","LEVEL 2 — Professional VMS","11","Professional Playback and Investigation","Timeline colour-coding, gap indication","R","TARGET","","","","","","","","","","","","","","","","NV","","","B-Professional-VMS",""
"F11-007","LEVEL 2 — Professional VMS","11","Professional Playback and Investigation","Recorded-audio playback","R","TARGET","","","","","","","","","","","","","","","","NV","","","B-Professional-VMS",""
"F11-008","LEVEL 2 — Professional VMS","11","Professional Playback and Investigation","Fisheye dewarping in playback","R","TARGET","","","","","","","","","","","","","","","","NV","","","B-Professional-VMS",""
"F11-009","LEVEL 2 — Professional VMS","11","Professional Playback and Investigation","Digital PTZ during playback","R","TARGET","","","","","","","","","","","","","","","","NV","","","B-Professional-VMS",""
"F11-010","LEVEL 2 — Professional VMS","11","Professional Playback and Investigation","Video enhancement (brightness/contrast/sharpening/noise reduction)","R","TARGET","","","","","","","","","","","","","","","","NV","","","B-Professional-VMS",""
"F11-011","LEVEL 2 — Professional VMS","11","Professional Playback and Investigation","Timestamp/watermark verification","R","TARGET","","","","","","","","","","","","","","","","NV","","","B-Professional-VMS",""
"F11-012","LEVEL 2 — Professional VMS","11","Professional Playback and Investigation","Export hash, digital signature, encryption, password protection","R","TARGET","","","","","","","","","","","","","","","","NV","","","B-Professional-VMS",""
"F11-013","LEVEL 2 — Professional VMS","11","Professional Playback and Investigation","Multi-camera case export, evidence package/player","R","TARGET","","","","","","","","","","","","","","","","NV","","","B-Professional-VMS",""
"F11-014","LEVEL 2 — Professional VMS","11","Professional Playback and Investigation","Export audit trail","R","TARGET","","","","","","","","","","","","","","","","NV","","","B-Professional-VMS",""
"F11-015","LEVEL 2 — Professional VMS","11","Professional Playback and Investigation","Snapshot annotation","R","TARGET","","","","","","","","","","","","","","","","NV","","","B-Professional-VMS",""
"F11-016","LEVEL 2 — Professional VMS","11","Professional Playback and Investigation","Video/audio redaction","R","TARGET","","","","","","","","","","","","","","","","NV","","","B-Professional-VMS",""
"F11-017","LEVEL 2 — Professional VMS","11","Professional Playback and Investigation","Privacy masking on export","R","TARGET","","","","","","","","","","","","","","","","NV","","","B-Professional-VMS",""
"F11-018","LEVEL 2 — Professional VMS","11","Professional Playback and Investigation","Export transcoding","R","TARGET","","","","","","","","","","","","","","","","NV","","","B-Professional-VMS",""
"F12-001","LEVEL 2 — Professional VMS","12","Professional Alarm Management","Alarm priority levels and categories","R","TARGET","","","","","","","","","","","","","","","","NV","","","B-Professional-VMS",""
"F12-002","LEVEL 2 — Professional VMS","12","Professional Alarm Management","Alarm queues, pop-up, sound","R","TARGET","","","","","","","","","","","","","","","","NV","","","B-Professional-VMS",""
"F12-003","LEVEL 2 — Professional VMS","12","Professional Alarm Management","Acknowledgement, mandatory comments","R","TARGET","","","","","","","","","","","","","","","","NV","","","B-Professional-VMS",""
"F12-004","LEVEL 2 — Professional VMS","12","Professional Alarm Management","Escalation, timeout, reassignment, forwarding, suppression, snooze","R","TARGET","","","","","","","","","","","","","","","","NV","","","B-Professional-VMS",""
"F12-005","LEVEL 2 — Professional VMS","12","Professional Alarm Management","Duplicate-event suppression","R","TARGET","","","","","","","","","","","","","","","","NV","","","B-Professional-VMS",""
"F12-006","LEVEL 2 — Professional VMS","12","Professional Alarm Management","Event correlation","R","TARGET","","","","","","","","","","","","","","","","NV","","","B-Professional-VMS",""
"F12-007","LEVEL 2 — Professional VMS","12","Professional Alarm Management","Camera/map/device association","R","TARGET","","","","","","","","","","","","","","","","NV","","","B-Professional-VMS",""
"F12-008","LEVEL 2 — Professional VMS","12","Professional Alarm Management","PTZ-preset activation, recording-quality change, output activation on alarm","R","TARGET","","","","","","","","","","","","","","","","NV","","","B-Professional-VMS",""
"F12-009","LEVEL 2 — Professional VMS","12","Professional Alarm Management","Email/SMS/push notification","R","TARGET","","","","","","","","","","","","","","","","NV","","","B-Professional-VMS",""
"F12-010","LEVEL 2 — Professional VMS","12","Professional Alarm Management","Operator instructions, SOPs","R","TARGET","","","","","","","","","","","","","","","","NV","","","B-Professional-VMS",""
"F12-011","LEVEL 2 — Professional VMS","12","Professional Alarm Management","Alarm handling history, response time, closure","R","TARGET","","","","","","","","","","","","","","","","NV","","","B-Professional-VMS",""
"F12-012","LEVEL 2 — Professional VMS","12","Professional Alarm Management","Alarm and unacknowledged-alarm reports","R","TARGET","","","","","","","","","","","","","","","","NV","","","B-Professional-VMS",""
"F13-001","LEVEL 2 — Professional VMS","13","Maps and Electronic Maps","Image-based maps, floor plans, site maps","R","TARGET","","","","","","","","","","","","","","","","NV","","","B-Professional-VMS",""
"F13-002","LEVEL 2 — Professional VMS","13","Maps and Electronic Maps","Camera/sensor/alarm/door/status icons","R","TARGET","","","","","","","","","","","","","","","","NV","","","B-Professional-VMS",""
"F13-003","LEVEL 2 — Professional VMS","13","Maps and Electronic Maps","Camera preview/open from map","R","TARGET","","","","","","","","","","","","","","","","NV","","","B-Professional-VMS",""
"F13-004","LEVEL 2 — Professional VMS","13","Maps and Electronic Maps","Alarm indication on map","R","TARGET","","","","","","","","","","","","","","","","NV","","","B-Professional-VMS",""
"F13-005","LEVEL 2 — Professional VMS","13","Maps and Electronic Maps","PTZ preset from map","R","TARGET","","","","","","","","","","","","","","","","NV","","","B-Professional-VMS",""
"F13-006","LEVEL 2 — Professional VMS","13","Maps and Electronic Maps","Multi-level, parent/child maps","R","TARGET","","","","","","","","","","","","","","","","NV","","","B-Professional-VMS",""
"F13-007","LEVEL 2 — Professional VMS","13","Maps and Electronic Maps","Map navigation/zoom/pan","R","TARGET","","","","","","","","","","","","","","","","NV","","","B-Professional-VMS",""
"F13-008","LEVEL 2 — Professional VMS","13","Maps and Electronic Maps","Map permissions","R","TARGET","","","","","","","","","","","","","","","","NV","","","B-Professional-VMS",""
"F13-009","LEVEL 2 — Professional VMS","13","Maps and Electronic Maps","Dynamic device status","R","TARGET","","","","","","","","","","","","","","","","NV","","","B-Professional-VMS",""
"F13-010","LEVEL 2 — Professional VMS","13","Maps and Electronic Maps","Map-based alarm acknowledgement","R","TARGET","","","","","","","","","","","","","","","","NV","","","B-Professional-VMS",""
"F13-011","LEVEL 2 — Professional VMS","13","Maps and Electronic Maps","Map labels, layers, building/floor hierarchy","R","TARGET","","","","","","","","","","","","","","","","NV","","","B-Professional-VMS",""
"F14-001","LEVEL 2 — Professional VMS","14","Professional Reporting","User-login/activity reports","R","TARGET","","","","","","","","","","","","","","","","NV","","","B-Professional-VMS",""
"F14-002","LEVEL 2 — Professional VMS","14","Professional Reporting","Camera-health/offline reports","R","TARGET","","","","","","","","","","","","","","","","NV","","","B-Professional-VMS",""
"F14-003","LEVEL 2 — Professional VMS","14","Professional Reporting","Recording and recording-gap reports","R","TARGET","","","","","","","","","","","","","","","","NV","","","B-Professional-VMS",""
"F14-004","LEVEL 2 — Professional VMS","14","Professional Reporting","Storage-usage report","R","TARGET","","","","","","","","","","","","","","","","NV","","","B-Professional-VMS",""
"F14-005","LEVEL 2 — Professional VMS","14","Professional Reporting","Alarm/event/incident/export/audit-log reports","R","TARGET","","","","","","","","","","","","","","","","NV","","","B-Professional-VMS",""
"F14-006","LEVEL 2 — Professional VMS","14","Professional Reporting","PTZ-usage, device-configuration, system-health, licence reports","R","TARGET","","","","","","","","","","","","","","","","NV","","","B-Professional-VMS",""
"F14-007","LEVEL 2 — Professional VMS","14","Professional Reporting","Scheduled reports","R","TARGET","","","","","","","","","","","","","","","","NV","","","B-Professional-VMS",""
"F14-008","LEVEL 2 — Professional VMS","14","Professional Reporting","PDF/CSV/Excel export","R","TARGET","","","","","","","","","","","","","","","","NV","","","B-Professional-VMS",""
"F14-009","LEVEL 2 — Professional VMS","14","Professional Reporting","Email delivery","R","TARGET","","","","","","","","","","","","","","","","NV","","","B-Professional-VMS",""
"F14-010","LEVEL 2 — Professional VMS","14","Professional Reporting","Date/site/camera/user filtering","R","TARGET","","","","","","","","","","","","","","","","NV","","","B-Professional-VMS",""
"F15-001","LEVEL 3 — Advanced VMS","15","Advanced Video Analytics","Line crossing","R","TARGET","","","","","","","","","","","","","","","","NV","","","C-Analytics-Metadata-Identity",""
"F15-002","LEVEL 3 — Advanced VMS","15","Advanced Video Analytics","Intrusion detection","R","TARGET","","","","","","","","","","","","","","","","NV","","","C-Analytics-Metadata-Identity",""
"F15-003","LEVEL 3 — Advanced VMS","15","Advanced Video Analytics","Region entrance/exit","R","TARGET","","","","","","","","","","","","","","","","NV","","","C-Analytics-Metadata-Identity",""
"F15-004","LEVEL 3 — Advanced VMS","15","Advanced Video Analytics","Loitering","R","TARGET","","","","","","","","","","","","","","","","NV","","","C-Analytics-Metadata-Identity",""
"F15-005","LEVEL 3 — Advanced VMS","15","Advanced Video Analytics","Object left/removed/abandoned/missing","R","TARGET","","","","","","","","","","","","","","","","NV","","","C-Analytics-Metadata-Identity",""
"F15-006","LEVEL 3 — Advanced VMS","15","Advanced Video Analytics","Direction and wrong-way detection","R","TARGET","","","","","","","","","","","","","","","","NV","","","C-Analytics-Metadata-Identity",""
"F15-007","LEVEL 3 — Advanced VMS","15","Advanced Video Analytics","Tripwire, virtual fence, perimeter protection","R","TARGET","","","","","","","","","","","","","","","","NV","","","C-Analytics-Metadata-Identity",""
"F15-008","LEVEL 3 — Advanced VMS","15","Advanced Video Analytics","Camera tampering, scene-change, defocus, sudden-movement, lens-obstruction detection","R","TARGET","","","","","","","","","","","","","","","","NV","","","C-Analytics-Metadata-Identity",""
"F15-009","LEVEL 3 — Advanced VMS","15","Advanced Video Analytics","People/vehicle/animal detection and classification","R","TARGET","","","","","","","","","","","","","","","","NV","","","C-Analytics-Metadata-Identity",""
"F15-010","LEVEL 3 — Advanced VMS","15","Advanced Video Analytics","Person/vehicle distinction","R","TARGET","","","","","","","","","","","","","","","","NV","","","C-Analytics-Metadata-Identity",""
"F15-011","LEVEL 3 — Advanced VMS","15","Advanced Video Analytics","Bicycle/motorcycle/bus/truck detection","R","TARGET","","","","","","","","","","","","","","","","NV","","","C-Analytics-Metadata-Identity",""
"F15-012","LEVEL 3 — Advanced VMS","15","Advanced Video Analytics","Crowd detection and density estimation","R","TARGET","","","","","","","","","","","","","","","","NV","","","C-Analytics-Metadata-Identity",""
"F15-013","LEVEL 3 — Advanced VMS","15","Advanced Video Analytics","Queue detection, length, waiting-time analysis","R","TARGET","","","","","","","","","","","","","","","","NV","","","C-Analytics-Metadata-Identity",""
"F15-014","LEVEL 3 — Advanced VMS","15","Advanced Video Analytics","People counting, entry/exit counting, occupancy monitoring, max-occupancy alarm","R","TARGET","","","","","","","","","","","","","","","","NV","","","C-Analytics-Metadata-Identity",""
"F15-015","LEVEL 3 — Advanced VMS","15","Advanced Video Analytics","Dwell-time analysis, heat maps","R","TARGET","","","","","","","","","","","","","","","","NV","","","C-Analytics-Metadata-Identity",""
"F15-016","LEVEL 3 — Advanced VMS","15","Advanced Video Analytics","Traffic-flow analysis, speed detection, stopped-vehicle, illegal-parking, parking-space occupancy, U-turn, tailgating detection","R","TARGET","","","","","","","","","","","","","","","","NV","","","C-Analytics-Metadata-Identity",""
"F15-017","LEVEL 3 — Advanced VMS","15","Advanced Video Analytics","Slip-and-fall, running, aggressive-behaviour, fence-climbing, restricted-zone detection","R","TARGET","","","","","","","","","","","","","","","","NV","","","C-Analytics-Metadata-Identity",""
"F15-018","LEVEL 3 — Advanced VMS","15","Advanced Video Analytics","Fire/smoke/flame detection","R","TARGET","","","","","","","","","","","","","","","","NV","","","C-Analytics-Metadata-Identity",""
"F15-019","LEVEL 3 — Advanced VMS","15","Advanced Video Analytics","PPE/helmet/safety-vest/mask/uniform detection","R","TARGET","","","","","","","","","","","","","","","","NV","","","C-Analytics-Metadata-Identity",""
"F15-020","LEVEL 3 — Advanced VMS","15","Advanced Video Analytics","Mobile-phone-usage and smoking detection","R","TARGET","","","","","","","","","","","","","","","","NV","","","C-Analytics-Metadata-Identity",""
"F15-021","LEVEL 3 — Advanced VMS","15","Advanced Video Analytics","Audio analytics: glass-break, gunshot, scream, abnormal-sound detection","R","TARGET","","","","","","","","","","","","","","","","NV","","","C-Analytics-Metadata-Identity",""
"F16-001","LEVEL 3 — Advanced VMS","16","Metadata Management","ONVIF metadata support","R","TARGET","","","","","","","","","","","","","","","","NV","","","C-Analytics-Metadata-Identity",""
"F16-002","LEVEL 3 — Advanced VMS","16","Metadata Management","Camera-/server-/third-party-generated metadata","R","TARGET","","","","","","","","","","","","","","","","NV","","","C-Analytics-Metadata-Identity",""
"F16-003","LEVEL 3 — Advanced VMS","16","Metadata Management","Bounding boxes, tracks, classification, confidence score","R","TARGET","","","","","","","","","","","","","","","","NV","","","C-Analytics-Metadata-Identity",""
"F16-004","LEVEL 3 — Advanced VMS","16","Metadata Management","Colour/clothing/vehicle-colour metadata","R","TARGET","","","","","","","","","","","","","","","","NV","","","C-Analytics-Metadata-Identity",""
"F16-005","LEVEL 3 — Advanced VMS","16","Metadata Management","Vehicle-type, direction, speed, zone, dwell-time metadata","R","TARGET","","","","","","","","","","","","","","","","NV","","","C-Analytics-Metadata-Identity",""
"F16-006","LEVEL 3 — Advanced VMS","16","Metadata Management","Metadata recording, playback, search, forwarding, export, API, retention, database, event rules","R","TARGET","","","","","","","","","","","","","","","","NV","","","C-Analytics-Metadata-Identity",""
"F17-001","LEVEL 3 — Advanced VMS","17","Advanced Search","Forensic video search","R","TARGET","","","","","","","","","","","","","","","","NV","","","C-Analytics-Metadata-Identity",""
"F17-002","LEVEL 3 — Advanced VMS","17","Advanced Search","Person/vehicle/object-type search","R","TARGET","","","","","","","","","","","","","","","","NV","","","C-Analytics-Metadata-Identity",""
"F17-003","LEVEL 3 — Advanced VMS","17","Advanced Search","Colour search (upper/lower body, vehicle)","R","TARGET","","","","","","","","","","","","","","","","NV","","","C-Analytics-Metadata-Identity",""
"F17-004","LEVEL 3 — Advanced VMS","17","Advanced Search","Vehicle-type, direction, zone, line-crossing search","R","TARGET","","","","","","","","","","","","","","","","NV","","","C-Analytics-Metadata-Identity",""
"F17-005","LEVEL 3 — Advanced VMS","17","Advanced Search","Time-range, camera-group, multi-camera search","R","TARGET","","","","","","","","","","","","","","","","NV","","","C-Analytics-Metadata-Identity",""
"F17-006","LEVEL 3 — Advanced VMS","17","Advanced Search","Similar-appearance search","R","TARGET","","","","","","","","","","","","","","","","NV","","","C-Analytics-Metadata-Identity",""
"F17-007","LEVEL 3 — Advanced VMS","17","Advanced Search","Face search, licence-plate/partial-plate/wildcard search","R","TARGET","","","","","","","","","","","","","","","","NV","","","C-Analytics-Metadata-Identity",""
"F17-008","LEVEL 3 — Advanced VMS","17","Advanced Search","Watch-list, attribute search","R","TARGET","","","","","","","","","","","","","","","","NV","","","C-Analytics-Metadata-Identity",""
"F17-009","LEVEL 3 — Advanced VMS","17","Advanced Search","Saved-search templates","R","TARGET","","","","","","","","","","","","","","","","NV","","","C-Analytics-Metadata-Identity",""
"F17-010","LEVEL 3 — Advanced VMS","17","Advanced Search","Result thumbnails/preview/export/case-creation/bookmarking","R","TARGET","","","","","","","","","","","","","","","","NV","","","C-Analytics-Metadata-Identity",""
"F17-011","LEVEL 3 — Advanced VMS","17","Advanced Search","Cross-camera object tracking","R","TARGET","","","","","","","","","","","","","","","","NV","","","C-Analytics-Metadata-Identity",""
"F18-001","LEVEL 3 — Advanced VMS","18","ANPR/LPR Management","Real-time and recorded-video plate recognition","R","TARGET","","","","","","","","","","","","","","","","NV","","","C-Analytics-Metadata-Identity",""
"F18-002","LEVEL 3 — Advanced VMS","18","ANPR/LPR Management","Plate number/image, vehicle overview image","R","TARGET","","","","","","","","","","","","","","","","NV","","","C-Analytics-Metadata-Identity",""
"F18-003","LEVEL 3 — Advanced VMS","18","ANPR/LPR Management","Country/state/plate-type identification","R","TARGET","","","","","","","","","","","","","","","","NV","","","C-Analytics-Metadata-Identity",""
"F18-004","LEVEL 3 — Advanced VMS","18","ANPR/LPR Management","Vehicle type/colour/make/model","R","TARGET","","","","","","","","","","","","","","","","NV","","","C-Analytics-Metadata-Identity",""
"F18-005","LEVEL 3 — Advanced VMS","18","ANPR/LPR Management","Travel direction, speed, lane ID","R","TARGET","","","","","","","","","","","","","","","","NV","","","C-Analytics-Metadata-Identity",""
"F18-006","LEVEL 3 — Advanced VMS","18","ANPR/LPR Management","Entry/exit matching","R","TARGET","","","","","","","","","","","","","","","","NV","","","C-Analytics-Metadata-Identity",""
"F18-007","LEVEL 3 — Advanced VMS","18","ANPR/LPR Management","Blacklist/whitelist/visitor/unknown-plate/hot-list","R","TARGET","","","","","","","","","","","","","","","","NV","","","C-Analytics-Metadata-Identity",""
"F18-008","LEVEL 3 — Advanced VMS","18","ANPR/LPR Management","Partial and wildcard plate matching","R","TARGET","","","","","","","","","","","","","","","","NV","","","C-Analytics-Metadata-Identity",""
"F18-009","LEVEL 3 — Advanced VMS","18","ANPR/LPR Management","Duplicate-plate detection, stolen-vehicle alert","R","TARGET","","","","","","","","","","","","","","","","NV","","","C-Analytics-Metadata-Identity",""
"F18-010","LEVEL 3 — Advanced VMS","18","ANPR/LPR Management","Parking-duration calculation, parking-fee integration","R","TARGET","","","","","","","","","","","","","","","","NV","","","C-Analytics-Metadata-Identity",""
"F18-011","LEVEL 3 — Advanced VMS","18","ANPR/LPR Management","Barrier-control integration, automatic gate opening","R","TARGET","","","","","","","","","","","","","","","","NV","","","C-Analytics-Metadata-Identity",""
"F18-012","LEVEL 3 — Advanced VMS","18","ANPR/LPR Management","Multi-lane support","R","TARGET","","","","","","","","","","","","","","","","NV","","","C-Analytics-Metadata-Identity",""
"F18-013","LEVEL 3 — Advanced VMS","18","ANPR/LPR Management","ANPR accuracy/transaction reports","R","TARGET","","","","","","","","","","","","","","","","NV","","","C-Analytics-Metadata-Identity",""
"F18-014","LEVEL 3 — Advanced VMS","18","ANPR/LPR Management","Plate correction and audit history","R","TARGET","","","","","","","","","","","","","","","","NV","","","C-Analytics-Metadata-Identity",""
"F18-015","LEVEL 3 — Advanced VMS","18","ANPR/LPR Management","ANPR API integration","R","TARGET","","","","","","","","","","","","","","","","NV","","","C-Analytics-Metadata-Identity",""
"F19-001","LEVEL 3 — Advanced VMS","19","Face Management","Face detection, capture, quality assessment","R","TARGET","","","","","","","","","","","","","","","","NV","","","C-Analytics-Metadata-Identity",""
"F19-002","LEVEL 3 — Advanced VMS","19","Face Management","Face database and enrolment","R","TARGET","","","","","","","","","","","","","","","","NV","","","C-Analytics-Metadata-Identity",""
"F19-003","LEVEL 3 — Advanced VMS","19","Face Management","Allow/deny/VIP/employee/visitor/missing-person lists","R","TARGET","","","","","","","","","","","","","","","","NV","","","C-Analytics-Metadata-Identity",""
"F19-004","LEVEL 3 — Advanced VMS","19","Face Management","Similarity score, real-time matching, recorded-video search","R","TARGET","","","","","","","","","","","","","","","","NV","","","C-Analytics-Metadata-Identity",""
"F19-005","LEVEL 3 — Advanced VMS","19","Face Management","Face-event notification and report","R","TARGET","","","","","","","","","","","","","","","","NV","","","C-Analytics-Metadata-Identity",""
"F19-006","LEVEL 3 — Advanced VMS","19","Face Management","Multi-camera face search","R","TARGET","","","","","","","","","","","","","","","","NV","","","C-Analytics-Metadata-Identity",""
"F19-007","LEVEL 3 — Advanced VMS","19","Face Management","Bulk/duplicate face import handling","R","TARGET","","","","","","","","","","","","","","","","NV","","","C-Analytics-Metadata-Identity",""
"F19-008","LEVEL 3 — Advanced VMS","19","Face Management","Profile expiry, category management","R","TARGET","","","","","","","","","","","","","","","","NV","","","C-Analytics-Metadata-Identity",""
"F19-009","LEVEL 3 — Advanced VMS","19","Face Management","Audit trail, privacy controls, consent-management support","R","TARGET","","","","","","","","","","","","","","","","NV","","","C-Analytics-Metadata-Identity",""
"F19-010","LEVEL 3 — Advanced VMS","19","Face Management","Data retention, deletion, encryption","R","TARGET","","","","","","","","","","","","","","","","NV","","","C-Analytics-Metadata-Identity",""
"F19-011","LEVEL 3 — Advanced VMS","19","Face Management","False-match review, human verification workflow","R","TARGET","","","","","","","","","","","","","","","","NV","","","C-Analytics-Metadata-Identity",""
"F20-001","LEVEL 3 — Advanced VMS","20","Access Control Integration","Door/reader/cardholder/credential integration","R","TARGET","","","","","","","","","","","","","","","","NV","","","D-Physical-Security-Control-Room",""
"F20-002","LEVEL 3 — Advanced VMS","20","Access Control Integration","Access-granted/denied, door-forced-open, door-held-open, invalid-card, duress events","R","TARGET","","","","","","","","","","","","","","","","NV","","","D-Physical-Security-Control-Room",""
"F20-003","LEVEL 3 — Advanced VMS","20","Access Control Integration","Associated/live/recorded video verification","R","TARGET","","","","","","","","","","","","","","","","NV","","","D-Physical-Security-Control-Room",""
"F20-004","LEVEL 3 — Advanced VMS","20","Access Control Integration","Cardholder photograph","R","TARGET","","","","","","","","","","","","","","","","NV","","","D-Physical-Security-Control-Room",""
"F20-005","LEVEL 3 — Advanced VMS","20","Access Control Integration","Remote lock/unlock, lockdown, evacuation support","R","TARGET","","","","","","","","","","","","","","","","NV","","","D-Physical-Security-Control-Room",""
"F20-006","LEVEL 3 — Advanced VMS","20","Access Control Integration","Muster reporting","R","TARGET","","","","","","","","","","","","","","","","NV","","","D-Physical-Security-Control-Room",""
"F20-007","LEVEL 3 — Advanced VMS","20","Access Control Integration","Anti-passback visualization, tailgating verification","R","TARGET","","","","","","","","","","","","","","","","NV","","","D-Physical-Security-Control-Room",""
"F20-008","LEVEL 3 — Advanced VMS","20","Access Control Integration","Interlock/mantrap integration","R","TARGET","","","","","","","","","","","","","","","","NV","","","D-Physical-Security-Control-Room",""
"F20-009","LEVEL 3 — Advanced VMS","20","Access Control Integration","Visitor-management, elevator-control, intrusion-panel integration","R","TARGET","","","","","","","","","","","","","","","","NV","","","D-Physical-Security-Control-Room",""
"F20-010","LEVEL 3 — Advanced VMS","20","Access Control Integration","Unified event investigation","R","TARGET","","","","","","","","","","","","","","","","NV","","","D-Physical-Security-Control-Room",""
"F20-011","LEVEL 3 — Advanced VMS","20","Access Control Integration","Access-event bookmark and video evidence export","R","TARGET","","","","","","","","","","","","","","","","NV","","","D-Physical-Security-Control-Room",""
"F21-001","LEVEL 3 — Advanced VMS","21","Intercom and Audio Integration","SIP/IP/video intercom support","R","TARGET","","","","","","","","","","","","","","","","NV","","","D-Physical-Security-Control-Room",""
"F21-002","LEVEL 3 — Advanced VMS","21","Intercom and Audio Integration","Door-station, help-point integration","R","TARGET","","","","","","","","","","","","","","","","NV","","","D-Physical-Security-Control-Room",""
"F21-003","LEVEL 3 — Advanced VMS","21","Intercom and Audio Integration","Incoming-call pop-up, routing, operator answering","R","TARGET","","","","","","","","","","","","","","","","NV","","","D-Physical-Security-Control-Room",""
"F21-004","LEVEL 3 — Advanced VMS","21","Intercom and Audio Integration","Two-way communication, call transfer/recording","R","TARGET","","","","","","","","","","","","","","","","NV","","","D-Physical-Security-Control-Room",""
"F21-005","LEVEL 3 — Advanced VMS","21","Intercom and Audio Integration","Associated-camera display, door-release control","R","TARGET","","","","","","","","","","","","","","","","NV","","","D-Physical-Security-Control-Room",""
"F21-006","LEVEL 3 — Advanced VMS","21","Intercom and Audio Integration","Public-address integration, pre-recorded/live/zone-based announcements","R","TARGET","","","","","","","","","","","","","","","","NV","","","D-Physical-Security-Control-Room",""
"F21-007","LEVEL 3 — Advanced VMS","21","Intercom and Audio Integration","Audio-event recording and search","R","TARGET","","","","","","","","","","","","","","","","NV","","","D-Physical-Security-Control-Room",""
"F22-001","LEVEL 3 — Advanced VMS","22","Video Wall and Control Room","Video-wall management, hardware/software decoder support","R","TARGET","","","","","","","","","","","","","","","","NV","","","D-Physical-Security-Control-Room",""
"F22-002","LEVEL 3 — Advanced VMS","22","Video Wall and Control Room","Monitor-wall layouts and grouping","R","TARGET","","","","","","","","","","","","","","","","NV","","","D-Physical-Security-Control-Room",""
"F22-003","LEVEL 3 — Advanced VMS","22","Video Wall and Control Room","Camera drag-and-drop","R","TARGET","","","","","","","","","","","","","","","","NV","","","D-Physical-Security-Control-Room",""
"F22-004","LEVEL 3 — Advanced VMS","22","Video Wall and Control Room","Alarm pop-up/automatic display on wall","R","TARGET","","","","","","","","","","","","","","","","NV","","","D-Physical-Security-Control-Room",""
"F22-005","LEVEL 3 — Advanced VMS","22","Video Wall and Control Room","Sequence and layout cycling","R","TARGET","","","","","","","","","","","","","","","","NV","","","D-Physical-Security-Control-Room",""
"F22-006","LEVEL 3 — Advanced VMS","22","Video Wall and Control Room","Operator-controlled wall","R","TARGET","","","","","","","","","","","","","","","","NV","","","D-Physical-Security-Control-Room",""
"F22-007","LEVEL 3 — Advanced VMS","22","Video Wall and Control Room","Keyboard/joystick/PTZ joystick control","R","TARGET","","","","","","","","","","","","","","","","NV","","","D-Physical-Security-Control-Room",""
"F22-008","LEVEL 3 — Advanced VMS","22","Video Wall and Control Room","Shared and investigation display","R","TARGET","","","","","","","","","","","","","","","","NV","","","D-Physical-Security-Control-Room",""
"F22-009","LEVEL 3 — Advanced VMS","22","Video Wall and Control Room","Spot monitor","R","TARGET","","","","","","","","","","","","","","","","NV","","","D-Physical-Security-Control-Room",""
"F22-010","LEVEL 3 — Advanced VMS","22","Video Wall and Control Room","Full-screen alarm display","R","TARGET","","","","","","","","","","","","","","","","NV","","","D-Physical-Security-Control-Room",""
"F22-011","LEVEL 3 — Advanced VMS","22","Video Wall and Control Room","Multi-workstation, KVM integration","R","TARGET","","","","","","","","","","","","","","","","NV","","","D-Physical-Security-Control-Room",""
"F22-012","LEVEL 3 — Advanced VMS","22","Video Wall and Control Room","Control-room collaboration","R","TARGET","","","","","","","","","","","","","","","","NV","","","D-Physical-Security-Control-Room",""
"F22-013","LEVEL 3 — Advanced VMS","22","Video Wall and Control Room","Wall-layout presets, scheduled layouts, wall roaming","R","TARGET","","","","","","","","","","","","","","","","NV","","","D-Physical-Security-Control-Room",""
"F22-014","LEVEL 3 — Advanced VMS","22","Video Wall and Control Room","High-resolution display support","R","TARGET","","","","","","","","","","","","","","","","NV","","","D-Physical-Security-Control-Room",""
"F23-001","LEVEL 4 — Enterprise VMS","23","Enterprise Architecture","Central management server","R","TARGET","","","","","","","","","","","","","","","","NV","","","E-Enterprise-Platform",""
"F23-002","LEVEL 4 — Enterprise VMS","23","Enterprise Architecture","Multiple recording/event/analytics/mobile/web/management servers","R","TARGET","","","","","","","","","","","","","","","","NV","","","E-Enterprise-Platform",""
"F23-003","LEVEL 4 — Enterprise VMS","23","Enterprise Architecture","Distributed, client-server, microservices architecture","R","TARGET","","","","","","","","","","","","","","","","NV","","","E-Enterprise-Platform",""
"F23-004","LEVEL 4 — Enterprise VMS","23","Enterprise Architecture","Multi-site, hierarchical, federated architecture","R","TARGET","","","","","","","","","","","","","","","","NV","","","E-Enterprise-Platform",""
"F23-005","LEVEL 4 — Enterprise VMS","23","Enterprise Architecture","Parent/child sites","R","TARGET","","","","","","","","","","","","","","","","NV","","","E-Enterprise-Platform",""
"F23-006","LEVEL 4 — Enterprise VMS","23","Enterprise Architecture","Centralized administration, decentralized recording","R","TARGET","","","","","","","","","","","","","","","","NV","","","E-Enterprise-Platform",""
"F23-007","LEVEL 4 — Enterprise VMS","23","Enterprise Architecture","Regional/global management","R","TARGET","","","","","","","","","","","","","","","","NV","","","E-Enterprise-Platform",""
"F23-008","LEVEL 4 — Enterprise VMS","23","Enterprise Architecture","Multi-domain, multi-tenant support with data isolation","R","TARGET","","","","","","","","","","","","","","","","NV","","","E-Enterprise-Platform",""
"F23-009","LEVEL 4 — Enterprise VMS","23","Enterprise Architecture","Site delegation","R","TARGET","","","","","","","","","","","","","","","","NV","","","E-Enterprise-Platform",""
"F23-010","LEVEL 4 — Enterprise VMS","23","Enterprise Architecture","Horizontal/vertical scaling, load balancing, geographic distribution","R","TARGET","","","","","","","","","","","","","","","","NV","","","E-Enterprise-Platform",""
"F23-011","LEVEL 4 — Enterprise VMS","23","Enterprise Architecture","Central licence/user/event/health management, central reporting","R","TARGET","","","","","","","","","","","","","","","","NV","","","E-Enterprise-Platform",""
"F24-001","LEVEL 4 — Enterprise VMS","24","Redundancy and High Availability","Failover for management/recording/event/database/web/mobile/analytics servers","R","TARGET","","","","","","","","","","","","","","","","NV","","","E-Enterprise-Platform",""
"F24-002","LEVEL 4 — Enterprise VMS","24","Redundancy and High Availability","Hot/warm/cold standby","R","TARGET","","","","","","","","","","","","","","","","NV","","","E-Enterprise-Platform",""
"F24-003","LEVEL 4 — Enterprise VMS","24","Redundancy and High Availability","Active-passive/active-active clusters","R","TARGET","","","","","","","","","","","","","","","","NV","","","E-Enterprise-Platform",""
"F24-004","LEVEL 4 — Enterprise VMS","24","Redundancy and High Availability","Network load balancing","R","TARGET","","","","","","","","","","","","","","","","NV","","","E-Enterprise-Platform",""
"F24-005","LEVEL 4 — Enterprise VMS","24","Redundancy and High Availability","Automatic/manual failover, failback","R","TARGET","","","","","","","","","","","","","","","","NV","","","E-Enterprise-Platform",""
"F24-006","LEVEL 4 — Enterprise VMS","24","Redundancy and High Availability","Recording continuity and failover sync","R","TARGET","","","","","","","","","","","","","","","","NV","","","E-Enterprise-Platform",""
"F24-007","LEVEL 4 — Enterprise VMS","24","Redundancy and High Availability","Redundant recording servers","R","TARGET","","","","","","","","","","","","","","","","NV","","","E-Enterprise-Platform",""
"F24-008","LEVEL 4 — Enterprise VMS","24","Redundancy and High Availability","Redundant management database, SQL clustering, mirroring, replication","R","TARGET","","","","","","","","","","","","","","","","NV","","","E-Enterprise-Platform",""
"F24-009","LEVEL 4 — Enterprise VMS","24","Redundancy and High Availability","Redundant NIC, power supply, storage","R","TARGET","","","","","","","","","","","","","","","","NV","","","E-Enterprise-Platform",""
"F24-010","LEVEL 4 — Enterprise VMS","24","Redundancy and High Availability","Disaster-recovery site, geographic redundancy","R","TARGET","","","","","","","","","","","","","","","","NV","","","E-Enterprise-Platform",""
"F24-011","LEVEL 4 — Enterprise VMS","24","Redundancy and High Availability","Backup and restore, scheduled backup","R","TARGET","","","","","","","","","","","","","","","","NV","","","E-Enterprise-Platform",""
"F24-012","LEVEL 4 — Enterprise VMS","24","Redundancy and High Availability","RPO/RTO, business-continuity support","R","TARGET","","","","","","","","","","","","","","","","NV","","","E-Enterprise-Platform",""
"F25-001","LEVEL 4 — Enterprise VMS","25","Enterprise User and Identity Management","Role-based access control, granular/site-/camera-/feature-/time-based permissions","R","TARGET","","","","","","","","","","","","","","","","NV","","","E-Enterprise-Platform",""
"F25-002","LEVEL 4 — Enterprise VMS","25","Enterprise User and Identity Management","Temporary and delegated administration","R","TARGET","","","","","","","","","","","","","","","","NV","","","E-Enterprise-Platform",""
"F25-003","LEVEL 4 — Enterprise VMS","25","Enterprise User and Identity Management","Active Directory/LDAP/Entra ID/SAML/OAuth-OIDC integration","R","TARGET","","","","","","","","","","","","","","","","NV","","","E-Enterprise-Platform",""
"F25-004","LEVEL 4 — Enterprise VMS","25","Enterprise User and Identity Management","Single sign-on, multi-factor authentication, certificate-based/Windows/local authentication","R","TARGET","","","","","","","","","","","","","","","","NV","","","E-Enterprise-Platform",""
"F25-005","LEVEL 4 — Enterprise VMS","25","Enterprise User and Identity Management","Central identity provider","R","TARGET","","","","","","","","","","","","","","","","NV","","","E-Enterprise-Platform",""
"F25-006","LEVEL 4 — Enterprise VMS","25","Enterprise User and Identity Management","Password/account-expiration policies","R","TARGET","","","","","","","","","","","","","","","","NV","","","E-Enterprise-Platform",""
"F25-007","LEVEL 4 — Enterprise VMS","25","Enterprise User and Identity Management","Privileged-user management, dual authorization, four-eyes/supervisor approval","R","TARGET","","","","","","","","","","","","","","","","NV","","","E-Enterprise-Platform",""
"F25-008","LEVEL 4 — Enterprise VMS","25","Enterprise User and Identity Management","Emergency access","R","TARGET","","","","","","","","","","","","","","","","NV","","","E-Enterprise-Platform",""
"F25-009","LEVEL 4 — Enterprise VMS","25","Enterprise User and Identity Management","Operator/workstation/IP-based login restriction","R","TARGET","","","","","","","","","","","","","","","","NV","","","E-Enterprise-Platform",""
"F25-010","LEVEL 4 — Enterprise VMS","25","Enterprise User and Identity Management","Session timeout, concurrent-session control","R","TARGET","","","","","","","","","","","","","","","","NV","","","E-Enterprise-Platform",""
"F25-011","LEVEL 4 — Enterprise VMS","25","Enterprise User and Identity Management","Login and permission-change audit","R","TARGET","","","","","","","","","","","","","","","","NV","","","E-Enterprise-Platform",""
"F25-012","LEVEL 4 — Enterprise VMS","25","Enterprise User and Identity Management","User-provisioning API, automatic deprovisioning","R","TARGET","","","","","","","","","","","","","","","","NV","","","E-Enterprise-Platform",""
"F26-001","LEVEL 4 — Enterprise VMS","26","Cybersecurity","HTTPS/TLS encryption (client-server and server-server)","R","TARGET","","","","","","","","","","","","","","","","NV","","","E-Enterprise-Platform",""
"F26-002","LEVEL 4 — Enterprise VMS","26","Cybersecurity","Video-stream encryption","R","TARGET","","","","","","","","","","","","","","","","NV","","","E-Enterprise-Platform",""
"F26-003","LEVEL 4 — Enterprise VMS","26","Cybersecurity","Recording/database/export/credential encryption at rest","R","TARGET","","","","","","","","","","","","","","","","NV","","","E-Enterprise-Platform",""
"F26-004","LEVEL 4 — Enterprise VMS","26","Cybersecurity","Certificate management (device/client, revocation, expiry alerts)","R","TARGET","","","","","","","","","","","","","","","","NV","","","E-Enterprise-Platform",""
"F26-005","LEVEL 4 — Enterprise VMS","26","Cybersecurity","Secure boot, signed firmware/software, secure update mechanism","R","TARGET","","","","","","","","","","","","","","","","NV","","","E-Enterprise-Platform",""
"F26-006","LEVEL 4 — Enterprise VMS","26","Cybersecurity","Password hardening, account lockout, brute-force protection","R","TARGET","","","","","","","","","","","","","","","","NV","","","E-Enterprise-Platform",""
"F26-007","LEVEL 4 — Enterprise VMS","26","Cybersecurity","Firewall guidance, port management, minimum-service configuration","R","TARGET","","","","","","","","","","","","","","","","NV","","","E-Enterprise-Platform",""
"F26-008","LEVEL 4 — Enterprise VMS","26","Cybersecurity","Network segmentation, VLAN, 802.1X, VPN and zero-trust compatibility","R","TARGET","","","","","","","","","","","","","","","","NV","","","E-Enterprise-Platform",""
"F26-009","LEVEL 4 — Enterprise VMS","26","Cybersecurity","Security logs and event monitoring","R","TARGET","","","","","","","","","","","","","","","","NV","","","E-Enterprise-Platform",""
"F26-010","LEVEL 4 — Enterprise VMS","26","Cybersecurity","SIEM/syslog integration","R","TARGET","","","","","","","","","","","","","","","","NV","","","E-Enterprise-Platform",""
"F26-011","LEVEL 4 — Enterprise VMS","26","Cybersecurity","Vulnerability and patch management","R","TARGET","","","","","","","","","","","","","","","","NV","","","E-Enterprise-Platform",""
"F26-012","LEVEL 4 — Enterprise VMS","26","Cybersecurity","Software bill of materials","R","TARGET","","","","","","","","","","","","","","","","NV","","","E-Enterprise-Platform",""
"F26-013","LEVEL 4 — Enterprise VMS","26","Cybersecurity","Penetration-test evidence, hardening guide, cybersecurity baseline","R","TARGET","","","","","","","","","","","","","","","","NV","","","E-Enterprise-Platform",""
"F26-014","LEVEL 4 — Enterprise VMS","26","Cybersecurity","Data-integrity validation, tamper-evident audit logs","R","TARGET","","","","","","","","","","","","","","","","NV","","","E-Enterprise-Platform",""
"F26-015","LEVEL 4 — Enterprise VMS","26","Cybersecurity","API authentication, rate limiting, token expiration","R","TARGET","","","","","","","","","","","","","","","","NV","","","E-Enterprise-Platform",""
"F26-016","LEVEL 4 — Enterprise VMS","26","Cybersecurity","Encryption-key rotation, HSM support","R","TARGET","","","","","","","","","","","","","","","","NV","","","E-Enterprise-Platform",""
"F27-001","LEVEL 4 — Enterprise VMS","27","Privacy and Compliance","Permanent/configurable/dynamic privacy masks (live, playback, export)","R","TARGET","","","","","","","","","","","","","","","","NV","","","E-Enterprise-Platform",""
"F27-002","LEVEL 4 — Enterprise VMS","27","Privacy and Compliance","Operator-dependent and permission-based unmasking, dual-approval unmasking, unmasking audit","R","TARGET","","","","","","","","","","","","","","","","NV","","","E-Enterprise-Platform",""
"F27-003","LEVEL 4 — Enterprise VMS","27","Privacy and Compliance","Face/person/plate blurring, audio muting","R","TARGET","","","","","","","","","","","","","","","","NV","","","E-Enterprise-Platform",""
"F27-004","LEVEL 4 — Enterprise VMS","27","Privacy and Compliance","Data-retention policies, automatic deletion, right-to-erasure support","R","TARGET","","","","","","","","","","","","","","","","NV","","","E-Enterprise-Platform",""
"F27-005","LEVEL 4 — Enterprise VMS","27","Privacy and Compliance","Evidence-retention exceptions, legal-hold support","R","TARGET","","","","","","","","","","","","","","","","NV","","","E-Enterprise-Platform",""
"F27-006","LEVEL 4 — Enterprise VMS","27","Privacy and Compliance","Consent-record and purpose-based access","R","TARGET","","","","","","","","","","","","","","","","NV","","","E-Enterprise-Platform",""
"F27-007","LEVEL 4 — Enterprise VMS","27","Privacy and Compliance","Data-minimization, data-sovereignty, regional data storage","R","TARGET","","","","","","","","","","","","","","","","NV","","","E-Enterprise-Platform",""
"F27-008","LEVEL 4 — Enterprise VMS","27","Privacy and Compliance","Audit logging, chain of custody, digital signatures, evidence hashing, export traceability","R","TARGET","","","","","","","","","","","","","","","","NV","","","E-Enterprise-Platform",""
"F27-009","LEVEL 4 — Enterprise VMS","27","Privacy and Compliance","Operator-action recording","R","TARGET","","","","","","","","","","","","","","","","NV","","","E-Enterprise-Platform",""
"F27-010","LEVEL 4 — Enterprise VMS","27","Privacy and Compliance","Compliance reports, policy acknowledgement","R","TARGET","","","","","","","","","","","","","","","","NV","","","E-Enterprise-Platform",""
"F27-011","LEVEL 4 — Enterprise VMS","27","Privacy and Compliance","GDPR- and India DPDP-supporting controls","R","TARGET","","","","","","","","","","","","","","","","NV","","","E-Enterprise-Platform",""
"F27-012","LEVEL 4 — Enterprise VMS","27","Privacy and Compliance","Industry-specific retention","R","TARGET","","","","","","","","","","","","","","","","NV","","","E-Enterprise-Platform",""
"F27-013","LEVEL 4 — Enterprise VMS","27","Privacy and Compliance","Data-processing documentation","R","TARGET","","","","","","","","","","","","","","","","NV","","","E-Enterprise-Platform",""
"F28-001","LEVEL 4 — Enterprise VMS","28","Health Monitoring and Maintenance","Central health dashboard","R","TARGET","","","","","","","","","","","","","","","","NV","","","E-Enterprise-Platform",""
"F28-002","LEVEL 4 — Enterprise VMS","28","Health Monitoring and Maintenance","Camera/server/database/storage/network/recording/analytics availability","R","TARGET","","","","","","","","","","","","","","","","NV","","","E-Enterprise-Platform",""
"F28-003","LEVEL 4 — Enterprise VMS","28","Health Monitoring and Maintenance","Service status, CPU/GPU/memory/disk/bandwidth usage","R","TARGET","","","","","","","","","","","","","","","","NV","","","E-Enterprise-Platform",""
"F28-004","LEVEL 4 — Enterprise VMS","28","Health Monitoring and Maintenance","Storage growth, retention status","R","TARGET","","","","","","","","","","","","","","","","NV","","","E-Enterprise-Platform",""
"F28-005","LEVEL 4 — Enterprise VMS","28","Health Monitoring and Maintenance","Camera frame-rate/bit-rate/quality monitoring","R","TARGET","","","","","","","","","","","","","","","","NV","","","E-Enterprise-Platform",""
"F28-006","LEVEL 4 — Enterprise VMS","28","Health Monitoring and Maintenance","Frozen-video, black-screen, over/under-exposure, defocus, camera-shift detection","R","TARGET","","","","","","","","","","","","","","","","NV","","","E-Enterprise-Platform",""
"F28-007","LEVEL 4 — Enterprise VMS","28","Health Monitoring and Maintenance","Recording-gap detection","R","TARGET","","","","","","","","","","","","","","","","NV","","","E-Enterprise-Platform",""
"F28-008","LEVEL 4 — Enterprise VMS","28","Health Monitoring and Maintenance","Time-sync monitoring","R","TARGET","","","","","","","","","","","","","","","","NV","","","E-Enterprise-Platform",""
"F28-009","LEVEL 4 — Enterprise VMS","28","Health Monitoring and Maintenance","Licence/certificate-expiry alerts","R","TARGET","","","","","","","","","","","","","","","","NV","","","E-Enterprise-Platform",""
"F28-010","LEVEL 4 — Enterprise VMS","28","Health Monitoring and Maintenance","Firmware/software-version reports","R","TARGET","","","","","","","","","","","","","","","","NV","","","E-Enterprise-Platform",""
"F28-011","LEVEL 4 — Enterprise VMS","28","Health Monitoring and Maintenance","Predictive storage warning","R","TARGET","","","","","","","","","","","","","","","","NV","","","E-Enterprise-Platform",""
"F28-012","LEVEL 4 — Enterprise VMS","28","Health Monitoring and Maintenance","Email/SMS notification","R","TARGET","","","","","","","","","","","","","","","","NV","","","E-Enterprise-Platform",""
"F28-013","LEVEL 4 — Enterprise VMS","28","Health Monitoring and Maintenance","SNMP, syslog forwarding","R","TARGET","","","","","","","","","","","","","","","","NV","","","E-Enterprise-Platform",""
"F28-014","LEVEL 4 — Enterprise VMS","28","Health Monitoring and Maintenance","ITSM integration, help-desk ticket creation","R","TARGET","","","","","","","","","","","","","","","","NV","","","E-Enterprise-Platform",""
"F28-015","LEVEL 4 — Enterprise VMS","28","Health Monitoring and Maintenance","Scheduled maintenance, maintenance mode, service restart","R","TARGET","","","","","","","","","","","","","","","","NV","","","E-Enterprise-Platform",""
"F28-016","LEVEL 4 — Enterprise VMS","28","Health Monitoring and Maintenance","Remote troubleshooting, diagnostic-package generation, performance logs","R","TARGET","","","","","","","","","","","","","","","","NV","","","E-Enterprise-Platform",""
"F29-001","LEVEL 4 — Enterprise VMS","29","Enterprise Integration","REST/SOAP/WebSocket API, SDK (mobile/web)","R","TARGET","","","","","","","","","","","","","","","","NV","","","F-Integration-GIS-Workflow",""
"F29-002","LEVEL 4 — Enterprise VMS","29","Enterprise Integration","Streaming, metadata, event, alarm, user-management, device-management, export, reporting, health-monitoring APIs","R","TARGET","","","","","","","","","","","","","","","","NV","","","F-Integration-GIS-Workflow",""
"F29-003","LEVEL 4 — Enterprise VMS","29","Enterprise Integration","Webhooks","R","TARGET","","","","","","","","","","","","","","","","NV","","","F-Integration-GIS-Workflow",""
"F29-004","LEVEL 4 — Enterprise VMS","29","Enterprise Integration","Message-broker/MQTT integration","R","TARGET","","","","","","","","","","","","","","","","NV","","","F-Integration-GIS-Workflow",""
"F29-005","LEVEL 4 — Enterprise VMS","29","Enterprise Integration","OPC/BACnet/Modbus/SNMP/syslog integration","R","TARGET","","","","","","","","","","","","","","","","NV","","","F-Integration-GIS-Workflow",""
"F29-006","LEVEL 4 — Enterprise VMS","29","Enterprise Integration","Email/SMS-gateway/Teams notification","R","TARGET","","","","","","","","","","","","","","","","NV","","","F-Integration-GIS-Workflow",""
"F29-007","LEVEL 4 — Enterprise VMS","29","Enterprise Integration","ITSM, PSIM, physical-identity-management integration","R","TARGET","","","","","","","","","","","","","","","","NV","","","F-Integration-GIS-Workflow",""
"F29-008","LEVEL 4 — Enterprise VMS","29","Enterprise Integration","Building-management, fire-alarm, intrusion-alarm, perimeter-system, radar, drone-detection, gunshot-detection integration","R","TARGET","","","","","","","","","","","","","","","","NV","","","F-Integration-GIS-Workflow",""
"F29-009","LEVEL 4 — Enterprise VMS","29","Enterprise Integration","IoT/environmental sensor integration","R","TARGET","","","","","","","","","","","","","","","","NV","","","F-Integration-GIS-Workflow",""
"F29-010","LEVEL 4 — Enterprise VMS","29","Enterprise Integration","POS/ATM/retail loss-prevention integration","R","TARGET","","","","","","","","","","","","","","","","NV","","","F-Integration-GIS-Workflow",""
"F29-011","LEVEL 4 — Enterprise VMS","29","Enterprise Integration","Parking-/traffic-/emergency-management integration","R","TARGET","","","","","","","","","","","","","","","","NV","","","F-Integration-GIS-Workflow",""
"F29-012","LEVEL 4 — Enterprise VMS","29","Enterprise Integration","GIS integration","R","TARGET","","","","","","","","","","","","","","","","NV","","","F-Integration-GIS-Workflow",""
"F30-001","LEVEL 4 — Enterprise VMS","30","GIS and Smart-City Features","GIS maps, geographic camera placement, GPS coordinates","R","TARGET","","","","","","","","","","","","","","","","NV","","","F-Integration-GIS-Workflow",""
"F30-002","LEVEL 4 — Enterprise VMS","30","GIS and Smart-City Features","Map layers, satellite/street maps, custom GIS layers","R","TARGET","","","","","","","","","","","","","","","","NV","","","F-Integration-GIS-Workflow",""
"F30-003","LEVEL 4 — Enterprise VMS","30","GIS and Smart-City Features","Camera field-of-view and PTZ coverage visualization","R","TARGET","","","","","","","","","","","","","","","","NV","","","F-Integration-GIS-Workflow",""
"F30-004","LEVEL 4 — Enterprise VMS","30","GIS and Smart-City Features","Incident plotting, alarm clustering, heat maps","R","TARGET","","","","","","","","","","","","","","","","NV","","","F-Integration-GIS-Workflow",""
"F30-005","LEVEL 4 — Enterprise VMS","30","GIS and Smart-City Features","Route visualization, vehicle and camera-to-camera tracking","R","TARGET","","","","","","","","","","","","","","","","NV","","","F-Integration-GIS-Workflow",""
"F30-006","LEVEL 4 — Enterprise VMS","30","GIS and Smart-City Features","Nearest-camera/responder identification","R","TARGET","","","","","","","","","","","","","","","","NV","","","F-Integration-GIS-Workflow",""
"F30-007","LEVEL 4 — Enterprise VMS","30","GIS and Smart-City Features","Geofencing","R","TARGET","","","","","","","","","","","","","","","","NV","","","F-Integration-GIS-Workflow",""
"F30-008","LEVEL 4 — Enterprise VMS","30","GIS and Smart-City Features","Multi-region monitoring, city-zone management","R","TARGET","","","","","","","","","","","","","","","","NV","","","F-Integration-GIS-Workflow",""
"F30-009","LEVEL 4 — Enterprise VMS","30","GIS and Smart-City Features","Traffic-junction monitoring, emergency-route management","R","TARGET","","","","","","","","","","","","","","","","NV","","","F-Integration-GIS-Workflow",""
"F30-010","LEVEL 4 — Enterprise VMS","30","GIS and Smart-City Features","GIS-based investigation","R","TARGET","","","","","","","","","","","","","","","","NV","","","F-Integration-GIS-Workflow",""
"F30-011","LEVEL 4 — Enterprise VMS","30","GIS and Smart-City Features","Weather-/road-condition-data integration","R","TARGET","","","","","","","","","","","","","","","","NV","","","F-Integration-GIS-Workflow",""
"F30-012","LEVEL 4 — Enterprise VMS","30","GIS and Smart-City Features","Command-centre integration","R","TARGET","","","","","","","","","","","","","","","","NV","","","F-Integration-GIS-Workflow",""
"F31-001","LEVEL 4 — Enterprise VMS","31","Workflow and Automation","Rules engine (event-condition-action) with multiple conditions, AND/OR logic, time-/schedule-/device-state-/user-state-/analytics-/access-/alarm-input conditions","R","TARGET","","","","","","","","","","","","","","","","NV","","","F-Integration-GIS-Workflow",""
"F31-002","LEVEL 4 — Enterprise VMS","31","Workflow and Automation","Sequential, parallel, delayed actions, escalation rules","R","TARGET","","","","","","","","","","","","","","","","NV","","","F-Integration-GIS-Workflow",""
"F31-003","LEVEL 4 — Enterprise VMS","31","Workflow and Automation","Automatic camera display, recording, PTZ movement, email, SMS, push notification, audio announcement, door lockdown, barrier opening, ticket generation, incident creation, evidence collection, report generation","R","TARGET","","","","","","","","","","","","","","","","NV","","","F-Integration-GIS-Workflow",""
"F31-004","LEVEL 4 — Enterprise VMS","31","Workflow and Automation","Operator task assignment, approval workflows, SOPs, guided response, checklist enforcement, mandatory comments","R","TARGET","","","","","","","","","","","","","","","","NV","","","F-Integration-GIS-Workflow",""
"F31-005","LEVEL 4 — Enterprise VMS","31","Workflow and Automation","Response/escalation timers","R","TARGET","","","","","","","","","","","","","","","","NV","","","F-Integration-GIS-Workflow",""
"F31-006","LEVEL 4 — Enterprise VMS","31","Workflow and Automation","Workflow audit and performance report","R","TARGET","","","","","","","","","","","","","","","","NV","","","F-Integration-GIS-Workflow",""
"F32-001","LEVEL 5 — Best-in-Class AI and Command-Centre VMS","32","Advanced AI Analytics","Deep-learning, multi-class, custom-class object detection","R","TARGET","","","","","","","","","","","","","","","","NV","","","G-AI-Command-Centre",""
"F32-002","LEVEL 5 — Best-in-Class AI and Command-Centre VMS","32","Advanced AI Analytics","Custom AI-model deployment","R","TARGET","","","","","","","","","","","","","","","","NV","","","G-AI-Command-Centre",""
"F32-003","LEVEL 5 — Best-in-Class AI and Command-Centre VMS","32","Advanced AI Analytics","Edge/server-side/cloud AI, GPU acceleration, inference scaling","R","TARGET","","","","","","","","","","","","","","","","NV","","","G-AI-Command-Centre",""
"F32-004","LEVEL 5 — Best-in-Class AI and Command-Centre VMS","32","Advanced AI Analytics","Model-version management, AI-model health monitoring","R","TARGET","","","","","","","","","","","","","","","","NV","","","G-AI-Command-Centre",""
"F32-005","LEVEL 5 — Best-in-Class AI and Command-Centre VMS","32","Advanced AI Analytics","Confidence-threshold adjustment, scene-/camera-specific tuning","R","TARGET","","","","","","","","","","","","","","","","NV","","","G-AI-Command-Centre",""
"F32-006","LEVEL 5 — Best-in-Class AI and Command-Centre VMS","32","Advanced AI Analytics","Feedback-based model improvement, false-positive/negative review, human-in-the-loop validation","R","TARGET","","","","","","","","","","","","","","","","NV","","","G-AI-Command-Centre",""
"F32-007","LEVEL 5 — Best-in-Class AI and Command-Centre VMS","32","Advanced AI Analytics","Cross-camera person/vehicle re-identification","R","TARGET","","","","","","","","","","","","","","","","NV","","","G-AI-Command-Centre",""
"F32-008","LEVEL 5 — Best-in-Class AI and Command-Centre VMS","32","Advanced AI Analytics","Behaviour analytics, anomaly detection, unusual motion/activity detection","R","TARGET","","","","","","","","","","","","","","","","NV","","","G-AI-Command-Centre",""
"F32-009","LEVEL 5 — Best-in-Class AI and Command-Centre VMS","32","Advanced AI Analytics","Pattern-of-life analytics, route-deviation, repeat-visitor/vehicle detection","R","TARGET","","","","","","","","","","","","","","","","NV","","","G-AI-Command-Centre",""
"F32-010","LEVEL 5 — Best-in-Class AI and Command-Centre VMS","32","Advanced AI Analytics","Group-formation and crowd-behaviour analytics","R","TARGET","","","","","","","","","","","","","","","","NV","","","G-AI-Command-Centre",""
"F32-011","LEVEL 5 — Best-in-Class AI and Command-Centre VMS","32","Advanced AI Analytics","Violence-risk, panic/running-crowd indication","R","TARGET","","","","","","","","","","","","","","","","NV","","","G-AI-Command-Centre",""
"F32-012","LEVEL 5 — Best-in-Class AI and Command-Centre VMS","32","Advanced AI Analytics","Restricted-item, weapon-like-object, package-risk detection","R","TARGET","","","","","","","","","","","","","","","","NV","","","G-AI-Command-Centre",""
"F32-013","LEVEL 5 — Best-in-Class AI and Command-Centre VMS","32","Advanced AI Analytics","Perimeter- and incident-risk scoring, predictive alarm prioritization","R","TARGET","","","","","","","","","","","","","","","","NV","","","G-AI-Command-Centre",""
"F33-001","LEVEL 5 — Best-in-Class AI and Command-Centre VMS","33","Natural-Language and Generative AI","Natural-language video search, conversational investigation","R","TARGET","","","","","","","","","","","","","","","","NV","","","G-AI-Command-Centre",""
"F33-002","LEVEL 5 — Best-in-Class AI and Command-Centre VMS","33","Natural-Language and Generative AI","Search by descriptive phrase, person description, vehicle description","R","TARGET","","","","","","","","","","","","","","","","NV","","","G-AI-Command-Centre",""
"F33-003","LEVEL 5 — Best-in-Class AI and Command-Centre VMS","33","Natural-Language and Generative AI","Natural-language event query","R","TARGET","","","","","","","","","","","","","","","","NV","","","G-AI-Command-Centre",""
"F33-004","LEVEL 5 — Best-in-Class AI and Command-Centre VMS","33","Natural-Language and Generative AI","Automatic incident/video summary, multi-camera incident narrative, timeline summarization","R","TARGET","","","","","","","","","","","","","","","","NV","","","G-AI-Command-Centre",""
"F33-005","LEVEL 5 — Best-in-Class AI and Command-Centre VMS","33","Natural-Language and Generative AI","Alarm-context generation, operator-assistance chatbot","R","TARGET","","","","","","","","","","","","","","","","NV","","","G-AI-Command-Centre",""
"F33-006","LEVEL 5 — Best-in-Class AI and Command-Centre VMS","33","Natural-Language and Generative AI","Suggested investigation steps, nearby cameras, response procedure","R","TARGET","","","","","","","","","","","","","","","","NV","","","G-AI-Command-Centre",""
"F33-007","LEVEL 5 — Best-in-Class AI and Command-Centre VMS","33","Natural-Language and Generative AI","Automatic report drafting, evidence description, clip selection, bookmark generation, incident classification","R","TARGET","","","","","","","","","","","","","","","","NV","","","G-AI-Command-Centre",""
"F33-008","LEVEL 5 — Best-in-Class AI and Command-Centre VMS","33","Natural-Language and Generative AI","Similar-incident retrieval, semantic video search, visual-question answering","R","TARGET","","","","","","","","","","","","","","","","NV","","","G-AI-Command-Centre",""
"F33-009","LEVEL 5 — Best-in-Class AI and Command-Centre VMS","33","Natural-Language and Generative AI","Natural-language rule creation","R","TARGET","","","","","","","","","","","","","","","","NV","","","G-AI-Command-Centre",""
"F33-010","LEVEL 5 — Best-in-Class AI and Command-Centre VMS","33","Natural-Language and Generative AI","Multilingual search and incident translation","R","TARGET","","","","","","","","","","","","","","","","NV","","","G-AI-Command-Centre",""
"F33-011","LEVEL 5 — Best-in-Class AI and Command-Centre VMS","33","Natural-Language and Generative AI","AI-generated shift-handover report, daily security briefing, root-cause analysis assistance","R","TARGET","","","","","","","","","","","","","","","","NV","","","G-AI-Command-Centre",""
"F34-001","LEVEL 5 — Best-in-Class AI and Command-Centre VMS","34","Intelligent Investigation","Unified timeline across video, access, ANPR, sensor, and audio events","R","TARGET","","","","","","","","","","","","","","","","NV","","","G-AI-Command-Centre",""
"F34-002","LEVEL 5 — Best-in-Class AI and Command-Centre VMS","34","Intelligent Investigation","Automatic incident reconstruction","R","TARGET","","","","","","","","","","","","","","","","NV","","","G-AI-Command-Centre",""
"F34-003","LEVEL 5 — Best-in-Class AI and Command-Centre VMS","34","Intelligent Investigation","Person/vehicle journey reconstruction, cross-site journey tracking","R","TARGET","","","","","","","","","","","","","","","","NV","","","G-AI-Command-Centre",""
"F34-004","LEVEL 5 — Best-in-Class AI and Command-Centre VMS","34","Intelligent Investigation","Relationship mapping, entity linking, associated-person/vehicle identification","R","TARGET","","","","","","","","","","","","","","","","NV","","","G-AI-Command-Centre",""
"F34-005","LEVEL 5 — Best-in-Class AI and Command-Centre VMS","34","Intelligent Investigation","Pattern and repeated-event detection, case-similarity analysis","R","TARGET","","","","","","","","","","","","","","","","NV","","","G-AI-Command-Centre",""
"F34-006","LEVEL 5 — Best-in-Class AI and Command-Centre VMS","34","Intelligent Investigation","Evidence recommendation, missing-camera-gap identification, automatic camera handoff","R","TARGET","","","","","","","","","","","","","","","","NV","","","G-AI-Command-Centre",""
"F34-007","LEVEL 5 — Best-in-Class AI and Command-Centre VMS","34","Intelligent Investigation","Time-synchronized evidence","R","TARGET","","","","","","","","","","","","","","","","NV","","","G-AI-Command-Centre",""
"F34-008","LEVEL 5 — Best-in-Class AI and Command-Centre VMS","34","Intelligent Investigation","Investigation workspace, digital case folder, investigator collaboration","R","TARGET","","","","","","","","","","","","","","","","NV","","","G-AI-Command-Centre",""
"F34-009","LEVEL 5 — Best-in-Class AI and Command-Centre VMS","34","Intelligent Investigation","Case assignment/approval, chain of custody, retention, export, secure sharing","R","TARGET","","","","","","","","","","","","","","","","NV","","","G-AI-Command-Centre",""
"F35-001","LEVEL 5 — Best-in-Class AI and Command-Centre VMS","35","Command-and-Control","Common operational picture, unified event/alarm dashboard, unified map","R","TARGET","","","","","","","","","","","","","","","","NV","","","G-AI-Command-Centre",""
"F35-002","LEVEL 5 — Best-in-Class AI and Command-Centre VMS","35","Command-and-Control","Incident command workflow, major-incident/emergency-operations mode","R","TARGET","","","","","","","","","","","","","","","","NV","","","G-AI-Command-Centre",""
"F35-003","LEVEL 5 — Best-in-Class AI and Command-Centre VMS","35","Command-and-Control","Incident classification, severity, ownership","R","TARGET","","","","","","","","","","","","","","","","NV","","","G-AI-Command-Centre",""
"F35-004","LEVEL 5 — Best-in-Class AI and Command-Centre VMS","35","Command-and-Control","Multi-agency collaboration, resource assignment, responder tracking, emergency contact management","R","TARGET","","","","","","","","","","","","","","","","NV","","","G-AI-Command-Centre",""
"F35-005","LEVEL 5 — Best-in-Class AI and Command-Centre VMS","35","Command-and-Control","Mass notification, PA activation, emergency messaging","R","TARGET","","","","","","","","","","","","","","","","NV","","","G-AI-Command-Centre",""
"F35-006","LEVEL 5 — Best-in-Class AI and Command-Centre VMS","35","Command-and-Control","Evacuation, lockdown, shelter-in-place workflows","R","TARGET","","","","","","","","","","","","","","","","NV","","","G-AI-Command-Centre",""
"F35-007","LEVEL 5 — Best-in-Class AI and Command-Centre VMS","35","Command-and-Control","Crisis-room collaboration, incident notes/timeline/attachments, operator chat","R","TARGET","","","","","","","","","","","","","","","","NV","","","G-AI-Command-Centre",""
"F35-008","LEVEL 5 — Best-in-Class AI and Command-Centre VMS","35","Command-and-Control","Supervisor oversight, shift handover, escalation matrix","R","TARGET","","","","","","","","","","","","","","","","NV","","","G-AI-Command-Centre",""
"F35-009","LEVEL 5 — Best-in-Class AI and Command-Centre VMS","35","Command-and-Control","Situation report, post-incident review, response-time analysis, SLA monitoring, incident-performance dashboards","R","TARGET","","","","","","","","","","","","","","","","NV","","","G-AI-Command-Centre",""
"F36-001","LEVEL 5 — Best-in-Class AI and Command-Centre VMS","36","Cloud and Hybrid-Cloud Features","Cloud-hosted/managed VMS, video surveillance as a service, hybrid-cloud VMS","R","TARGET","","","","","","","","","","","","","","","","NV","","","H-Cloud-BI-Evidence-Commercial",""
"F36-002","LEVEL 5 — Best-in-Class AI and Command-Centre VMS","36","Cloud and Hybrid-Cloud Features","On-prem recording with cloud management","R","TARGET","","","","","","","","","","","","","","","","NV","","","H-Cloud-BI-Evidence-Commercial",""
"F36-003","LEVEL 5 — Best-in-Class AI and Command-Centre VMS","36","Cloud and Hybrid-Cloud Features","Cloud recording, edge recording with cloud access, cloud archive, automatic backup","R","TARGET","","","","","","","","","","","","","","","","NV","","","H-Cloud-BI-Evidence-Commercial",""
"F36-004","LEVEL 5 — Best-in-Class AI and Command-Centre VMS","36","Cloud and Hybrid-Cloud Features","Multi-site cloud dashboard, central cloud user management","R","TARGET","","","","","","","","","","","","","","","","NV","","","H-Cloud-BI-Evidence-Commercial",""
"F36-005","LEVEL 5 — Best-in-Class AI and Command-Centre VMS","36","Cloud and Hybrid-Cloud Features","Browser-based administration, remote configuration/software/firmware updates","R","TARGET","","","","","","","","","","","","","","","","NV","","","H-Cloud-BI-Evidence-Commercial",""
"F36-006","LEVEL 5 — Best-in-Class AI and Command-Centre VMS","36","Cloud and Hybrid-Cloud Features","Zero-touch and QR-code provisioning","R","TARGET","","","","","","","","","","","","","","","","NV","","","H-Cloud-BI-Evidence-Commercial",""
"F36-007","LEVEL 5 — Best-in-Class AI and Command-Centre VMS","36","Cloud and Hybrid-Cloud Features","Secure outbound connection, no inbound port forwarding","R","TARGET","","","","","","","","","","","","","","","","NV","","","H-Cloud-BI-Evidence-Commercial",""
"F36-008","LEVEL 5 — Best-in-Class AI and Command-Centre VMS","36","Cloud and Hybrid-Cloud Features","Cloud health monitoring, notification, identity management, analytics, licence management","R","TARGET","","","","","","","","","","","","","","","","NV","","","H-Cloud-BI-Evidence-Commercial",""
"F36-009","LEVEL 5 — Best-in-Class AI and Command-Centre VMS","36","Cloud and Hybrid-Cloud Features","Elastic cloud storage/compute, regional hosting, data-residency selection, multi-region redundancy, cloud disaster recovery","R","TARGET","","","","","","","","","","","","","","","","NV","","","H-Cloud-BI-Evidence-Commercial",""
"F36-010","LEVEL 5 — Best-in-Class AI and Command-Centre VMS","36","Cloud and Hybrid-Cloud Features","Bandwidth-aware/event-only upload, low-resolution cloud proxy, on-demand high-res retrieval","R","TARGET","","","","","","","","","","","","","","","","NV","","","H-Cloud-BI-Evidence-Commercial",""
"F36-011","LEVEL 5 — Best-in-Class AI and Command-Centre VMS","36","Cloud and Hybrid-Cloud Features","Cloud evidence sharing, subscription management, multi-tenant cloud portal, partner/reseller portal, customer self-service portal","R","TARGET","","","","","","","","","","","","","","","","NV","","","H-Cloud-BI-Evidence-Commercial",""
"F37-001","LEVEL 5 — Best-in-Class AI and Command-Centre VMS","37","Advanced Bandwidth Optimization","Multi-stream management, automatic stream selection","R","TARGET","","","","","","","","","","","","","","","","NV","","","H-Cloud-BI-Evidence-Commercial",""
"F37-002","LEVEL 5 — Best-in-Class AI and Command-Centre VMS","37","Advanced Bandwidth Optimization","Adaptive bitrate/resolution/frame rate, low-bandwidth mode","R","TARGET","","","","","","","","","","","","","","","","NV","","","H-Cloud-BI-Evidence-Commercial",""
"F37-003","LEVEL 5 — Best-in-Class AI and Command-Centre VMS","37","Advanced Bandwidth Optimization","Server-side and edge transcoding","R","TARGET","","","","","","","","","","","","","","","","NV","","","H-Cloud-BI-Evidence-Commercial",""
"F37-004","LEVEL 5 — Best-in-Class AI and Command-Centre VMS","37","Advanced Bandwidth Optimization","Client-side stream selection","R","TARGET","","","","","","","","","","","","","","","","NV","","","H-Cloud-BI-Evidence-Commercial",""
"F37-005","LEVEL 5 — Best-in-Class AI and Command-Centre VMS","37","Advanced Bandwidth Optimization","Multicast/unicast, RTSP over TCP, UDP/HTTPS/WebRTC streaming","R","TARGET","","","","","","","","","","","","","","","","NV","","","H-Cloud-BI-Evidence-Commercial",""
"F37-006","LEVEL 5 — Best-in-Class AI and Command-Centre VMS","37","Advanced Bandwidth Optimization","Region-of-interest and viewport-dependent streaming, fisheye viewport streaming","R","TARGET","","","","","","","","","","","","","","","","NV","","","H-Cloud-BI-Evidence-Commercial",""
"F37-007","LEVEL 5 — Best-in-Class AI and Command-Centre VMS","37","Advanced Bandwidth Optimization","Mobile-optimized streams, connection-speed detection, stream throttling","R","TARGET","","","","","","","","","","","","","","","","NV","","","H-Cloud-BI-Evidence-Commercial",""
"F37-008","LEVEL 5 — Best-in-Class AI and Command-Centre VMS","37","Advanced Bandwidth Optimization","Bandwidth quotas (per-user/per-site)","R","TARGET","","","","","","","","","","","","","","","","NV","","","H-Cloud-BI-Evidence-Commercial",""
"F37-009","LEVEL 5 — Best-in-Class AI and Command-Centre VMS","37","Advanced Bandwidth Optimization","Store-and-forward, scheduled sync, event-triggered upload","R","TARGET","","","","","","","","","","","","","","","","NV","","","H-Cloud-BI-Evidence-Commercial",""
"F37-010","LEVEL 5 — Best-in-Class AI and Command-Centre VMS","37","Advanced Bandwidth Optimization","Proxy and peer-to-peer streaming, content-delivery optimization","R","TARGET","","","","","","","","","","","","","","","","NV","","","H-Cloud-BI-Evidence-Commercial",""
"F38-001","LEVEL 5 — Best-in-Class AI and Command-Centre VMS","38","Business Intelligence","Occupancy, people-counting, visitor-flow, queue-performance, dwell-time, heat-map dashboards","R","TARGET","","","","","","","","","","","","","","","","NV","","","H-Cloud-BI-Evidence-Commercial",""
"F38-002","LEVEL 5 — Best-in-Class AI and Command-Centre VMS","38","Business Intelligence","Retail-conversion integration, footfall trends, peak-hour identification","R","TARGET","","","","","","","","","","","","","","","","NV","","","H-Cloud-BI-Evidence-Commercial",""
"F38-003","LEVEL 5 — Best-in-Class AI and Command-Centre VMS","38","Business Intelligence","Space- and parking-utilization analysis, traffic-flow dashboards","R","TARGET","","","","","","","","","","","","","","","","NV","","","H-Cloud-BI-Evidence-Commercial",""
"F38-004","LEVEL 5 — Best-in-Class AI and Command-Centre VMS","38","Business Intelligence","Operational KPI and safety-compliance dashboards, PPE/process-compliance analytics, productivity-zone analytics","R","TARGET","","","","","","","","","","","","","","","","NV","","","H-Cloud-BI-Evidence-Commercial",""
"F38-005","LEVEL 5 — Best-in-Class AI and Command-Centre VMS","38","Business Intelligence","Custom KPI creation, dashboard widgets, custom charts, scheduled dashboard reports","R","TARGET","","","","","","","","","","","","","","","","NV","","","H-Cloud-BI-Evidence-Commercial",""
"F38-006","LEVEL 5 — Best-in-Class AI and Command-Centre VMS","38","Business Intelligence","Data-warehouse and BI-platform integration","R","TARGET","","","","","","","","","","","","","","","","NV","","","H-Cloud-BI-Evidence-Commercial",""
"F38-007","LEVEL 5 — Best-in-Class AI and Command-Centre VMS","38","Business Intelligence","Historical trend, comparative site, benchmarking analysis","R","TARGET","","","","","","","","","","","","","","","","NV","","","H-Cloud-BI-Evidence-Commercial",""
"F38-008","LEVEL 5 — Best-in-Class AI and Command-Centre VMS","38","Business Intelligence","Data export, analytics API","R","TARGET","","","","","","","","","","","","","","","","NV","","","H-Cloud-BI-Evidence-Commercial",""
"F39-001","LEVEL 5 — Best-in-Class AI and Command-Centre VMS","39","Evidence and Legal-Grade Functions","Original-video preservation, non-destructive export","R","TARGET","","","","","","","","","","","","","","","","NV","","","H-Cloud-BI-Evidence-Commercial",""
"F39-002","LEVEL 5 — Best-in-Class AI and Command-Centre VMS","39","Evidence and Legal-Grade Functions","Cryptographic hash, digital signature, watermark, timestamp verification, trusted time source","R","TARGET","","","","","","","","","","","","","","","","NV","","","H-Cloud-BI-Evidence-Commercial",""
"F39-003","LEVEL 5 — Best-in-Class AI and Command-Centre VMS","39","Evidence and Legal-Grade Functions","Chain-of-custody record, evidence-access/copy/sharing logs, evidence-expiration controls","R","TARGET","","","","","","","","","","","","","","","","NV","","","H-Cloud-BI-Evidence-Commercial",""
"F39-004","LEVEL 5 — Best-in-Class AI and Command-Centre VMS","39","Evidence and Legal-Grade Functions","Legal hold, evidence sealing/package, self-contained evidence player","R","TARGET","","","","","","","","","","","","","","","","NV","","","H-Cloud-BI-Evidence-Commercial",""
"F39-005","LEVEL 5 — Best-in-Class AI and Command-Centre VMS","39","Evidence and Legal-Grade Functions","Multi-camera evidence synchronization, operator annotations","R","TARGET","","","","","","","","","","","","","","","","NV","","","H-Cloud-BI-Evidence-Commercial",""
"F39-006","LEVEL 5 — Best-in-Class AI and Command-Centre VMS","39","Evidence and Legal-Grade Functions","Redaction (audio, face, plate)","R","TARGET","","","","","","","","","","","","","","","","NV","","","H-Cloud-BI-Evidence-Commercial",""
"F39-007","LEVEL 5 — Best-in-Class AI and Command-Centre VMS","39","Evidence and Legal-Grade Functions","File-integrity and export-authenticity verification, password protection, certificate-based evidence signing","R","TARGET","","","","","","","","","","","","","","","","NV","","","H-Cloud-BI-Evidence-Commercial",""
"F39-008","LEVEL 5 — Best-in-Class AI and Command-Centre VMS","39","Evidence and Legal-Grade Functions","Secure evidence portal, time-limited evidence link, download prevention","R","TARGET","","","","","","","","","","","","","","","","NV","","","H-Cloud-BI-Evidence-Commercial",""
"F39-009","LEVEL 5 — Best-in-Class AI and Command-Centre VMS","39","Evidence and Legal-Grade Functions","Evidence approval workflow, case-number association","R","TARGET","","","","","","","","","","","","","","","","NV","","","H-Cloud-BI-Evidence-Commercial",""
"F40-001","LEVEL 5 — Best-in-Class AI and Command-Centre VMS","40","Licensing and Commercial Features","Per-camera/device/channel/server/site licensing","R","TARGET","","","","","","","","","","","","","","","","NV","","","H-Cloud-BI-Evidence-Commercial",""
"F40-002","LEVEL 5 — Best-in-Class AI and Command-Centre VMS","40","Licensing and Commercial Features","Concurrent-user and named-user licensing","R","TARGET","","","","","","","","","","","","","","","","NV","","","H-Cloud-BI-Evidence-Commercial",""
"F40-003","LEVEL 5 — Best-in-Class AI and Command-Centre VMS","40","Licensing and Commercial Features","Analytics/AI/cloud-subscription licensing","R","TARGET","","","","","","","","","","","","","","","","NV","","","H-Cloud-BI-Evidence-Commercial",""
"F40-004","LEVEL 5 — Best-in-Class AI and Command-Centre VMS","40","Licensing and Commercial Features","Perpetual, annual, and monthly subscription models","R","TARGET","","","","","","","","","","","","","","","","NV","","","H-Cloud-BI-Evidence-Commercial",""
"F40-005","LEVEL 5 — Best-in-Class AI and Command-Centre VMS","40","Licensing and Commercial Features","Software maintenance agreement, upgrade/support entitlement","R","TARGET","","","","","","","","","","","","","","","","NV","","","H-Cloud-BI-Evidence-Commercial",""
"F40-006","LEVEL 5 — Best-in-Class AI and Command-Centre VMS","40","Licensing and Commercial Features","Feature-edition licensing, trial/demo/temporary licence","R","TARGET","","","","","","","","","","","","","","","","NV","","","H-Cloud-BI-Evidence-Commercial",""
"F40-007","LEVEL 5 — Best-in-Class AI and Command-Centre VMS","40","Licensing and Commercial Features","Offline/online/central licence activation","R","TARGET","","","","","","","","","","","","","","","","NV","","","H-Cloud-BI-Evidence-Commercial",""
"F40-008","LEVEL 5 — Best-in-Class AI and Command-Centre VMS","40","Licensing and Commercial Features","Licence transfer, deactivation, rehosting, grace period, expansion licence","R","TARGET","","","","","","","","","","","","","","","","NV","","","H-Cloud-BI-Evidence-Commercial",""
"F40-009","LEVEL 5 — Best-in-Class AI and Command-Centre VMS","40","Licensing and Commercial Features","Failover- and redundant-server licence treatment","R","TARGET","","","","","","","","","","","","","","","","NV","","","H-Cloud-BI-Evidence-Commercial",""
"F40-010","LEVEL 5 — Best-in-Class AI and Command-Centre VMS","40","Licensing and Commercial Features","Licence-usage reporting, expiry alert, subscription-renewal notification","R","TARGET","","","","","","","","","","","","","","","","NV","","","H-Cloud-BI-Evidence-Commercial",""
"F41-001","LEVEL 5 — Best-in-Class AI and Command-Centre VMS","41","Deployment, Migration and Support","Installation wizard, automatic prerequisites, silent/unattended installation, central software deployment","R","TARGET","","","","","","","","","","","","","","","","NV","","","H-Cloud-BI-Evidence-Commercial",""
"F41-002","LEVEL 5 — Best-in-Class AI and Command-Centre VMS","41","Deployment, Migration and Support","VMware/Hyper-V/container/Kubernetes support","R","TARGET","","","","","","","","","","","","","","","","NV","","","H-Cloud-BI-Evidence-Commercial",""
"F41-003","LEVEL 5 — Best-in-Class AI and Command-Centre VMS","41","Deployment, Migration and Support","Public-/private-cloud and bare-metal/appliance deployment","R","TARGET","","","","","","","","","","","","","","","","NV","","","H-Cloud-BI-Evidence-Commercial",""
"F41-004","LEVEL 5 — Best-in-Class AI and Command-Centre VMS","41","Deployment, Migration and Support","Configuration, camera-discovery, and storage-setup wizards","R","TARGET","","","","","","","","","","","","","","","","NV","","","H-Cloud-BI-Evidence-Commercial",""
"F41-005","LEVEL 5 — Best-in-Class AI and Command-Centre VMS","41","Deployment, Migration and Support","System-sizing tools, bandwidth/storage calculators, GPU-sizing guidance","R","TARGET","","","","","","","","","","","","","","","","NV","","","H-Cloud-BI-Evidence-Commercial",""
"F41-006","LEVEL 5 — Best-in-Class AI and Command-Centre VMS","41","Deployment, Migration and Support","Migration from previous versions (database, camera, user, recording), configuration import/export, backward compatibility","R","TARGET","","","","","","","","","","","","","","","","NV","","","H-Cloud-BI-Evidence-Commercial",""
"F41-007","LEVEL 5 — Best-in-Class AI and Command-Centre VMS","41","Deployment, Migration and Support","Rolling upgrades, upgrade rollback, staged upgrades","R","TARGET","","","","","","","","","","","","","","","","NV","","","H-Cloud-BI-Evidence-Commercial",""
"F41-008","LEVEL 5 — Best-in-Class AI and Command-Centre VMS","41","Deployment, Migration and Support","Remote support, diagnostic logs, support-bundle generation","R","TARGET","","","","","","","","","","","","","","","","NV","","","H-Cloud-BI-Evidence-Commercial",""
"F41-009","LEVEL 5 — Best-in-Class AI and Command-Centre VMS","41","Deployment, Migration and Support","Product documentation, administrator/operator training, certification program","R","TARGET","","","","","","","","","","","","","","","","NV","","","H-Cloud-BI-Evidence-Commercial",""
"F41-010","LEVEL 5 — Best-in-Class AI and Command-Centre VMS","41","Deployment, Migration and Support","Local technical support, SLA-based support, professional services","R","TARGET","","","","","","","","","","","","","","","","NV","","","H-Cloud-BI-Evidence-Commercial",""
"F42-001","ADDITIONAL CATEGORIES","42","Standards, Certifications and Compliance","ONVIF Profile S (streaming)","R","TARGET","","","","","","","","","","","","","","","","NV","","","I-Extended-Market",""
"F42-002","ADDITIONAL CATEGORIES","42","Standards, Certifications and Compliance","ONVIF Profile T (advanced streaming/analytics)","R","TARGET","","","","","","","","","","","","","","","","NV","","","I-Extended-Market",""
"F42-003","ADDITIONAL CATEGORIES","42","Standards, Certifications and Compliance","ONVIF Profile G (recording/storage)","R","TARGET","","","","","","","","","","","","","","","","NV","","","I-Extended-Market",""
"F42-004","ADDITIONAL CATEGORIES","42","Standards, Certifications and Compliance","ONVIF Profile M (metadata/analytics)","R","TARGET","","","","","","","","","","","","","","","","NV","","","I-Extended-Market",""
"F42-005","ADDITIONAL CATEGORIES","42","Standards, Certifications and Compliance","ONVIF Profile A (access control configuration)","R","TARGET","","","","","","","","","","","","","","","","NV","","","I-Extended-Market",""
"F42-006","ADDITIONAL CATEGORIES","42","Standards, Certifications and Compliance","ONVIF Profile C (access control)","R","TARGET","","","","","","","","","","","","","","","","NV","","","I-Extended-Market",""
"F42-007","ADDITIONAL CATEGORIES","42","Standards, Certifications and Compliance","ONVIF Profile D (access-control peripherals)","R","TARGET","","","","","","","","","","","","","","","","NV","","","I-Extended-Market",""
"F42-008","ADDITIONAL CATEGORIES","42","Standards, Certifications and Compliance","PSIA compliance","R","TARGET","","","","","","","","","","","","","","","","NV","","","I-Extended-Market",""
"F42-009","ADDITIONAL CATEGORIES","42","Standards, Certifications and Compliance","IEC 62676 (video surveillance systems) compliance","R","TARGET","","","","","","","","","","","","","","","","NV","","","I-Extended-Market",""
"F42-010","ADDITIONAL CATEGORIES","42","Standards, Certifications and Compliance","UL 2802 cybersecurity certification","R","TARGET","","","","","","","","","","","","","","","","NV","","","I-Extended-Market",""
"F42-011","ADDITIONAL CATEGORIES","42","Standards, Certifications and Compliance","FIPS 140-2/140-3 cryptographic module validation","R","TARGET","","","","","","","","","","","","","","","","NV","","","I-Extended-Market",""
"F42-012","ADDITIONAL CATEGORIES","42","Standards, Certifications and Compliance","Common Criteria certification","R","TARGET","","","","","","","","","","","","","","","","NV","","","I-Extended-Market",""
"F42-013","ADDITIONAL CATEGORIES","42","Standards, Certifications and Compliance","SOC 2 Type II attestation","R","TARGET","","","","","","","","","","","","","","","","NV","","","I-Extended-Market",""
"F42-014","ADDITIONAL CATEGORIES","42","Standards, Certifications and Compliance","ISO 27001 (information security) compliance","R","TARGET","","","","","","","","","","","","","","","","NV","","","I-Extended-Market",""
"F42-015","ADDITIONAL CATEGORIES","42","Standards, Certifications and Compliance","ISO 22301 (business continuity) compliance","R","TARGET","","","","","","","","","","","","","","","","NV","","","I-Extended-Market",""
"F42-016","ADDITIONAL CATEGORIES","42","Standards, Certifications and Compliance","NDAA Section 889 compliance (banned-vendor components)","R","TARGET","","","","","","","","","","","","","","","","NV","","","I-Extended-Market",""
"F42-017","ADDITIONAL CATEGORIES","42","Standards, Certifications and Compliance","TAA compliance","R","TARGET","","","","","","","","","","","","","","","","NV","","","I-Extended-Market",""
"F42-018","ADDITIONAL CATEGORIES","42","Standards, Certifications and Compliance","FedRAMP authorization","R","TARGET","","","","","","","","","","","","","","","","NV","","","I-Extended-Market",""
"F42-019","ADDITIONAL CATEGORIES","42","Standards, Certifications and Compliance","CJIS security-policy compliance","R","TARGET","","","","","","","","","","","","","","","","NV","","","I-Extended-Market",""
"F42-020","ADDITIONAL CATEGORIES","42","Standards, Certifications and Compliance","HIPAA-supporting controls","R","TARGET","","","","","","","","","","","","","","","","NV","","","I-Extended-Market",""
"F42-021","ADDITIONAL CATEGORIES","42","Standards, Certifications and Compliance","PCI DSS-supporting controls (for POS-linked video)","R","TARGET","","","","","","","","","","","","","","","","NV","","","I-Extended-Market",""
"F42-022","ADDITIONAL CATEGORIES","42","Standards, Certifications and Compliance","National/local CCTV code-of-practice compliance","R","TARGET","","","","","","","","","","","","","","","","NV","","","I-Extended-Market",""
"F42-023","ADDITIONAL CATEGORIES","42","Standards, Certifications and Compliance","RoHS/environmental compliance documentation","R","TARGET","","","","","","","","","","","","","","","","NV","","","I-Extended-Market",""
"F42-024","ADDITIONAL CATEGORIES","42","Standards, Certifications and Compliance","Energy-efficiency certification","R","TARGET","","","","","","","","","","","","","","","","NV","","","I-Extended-Market",""
"F43-001","ADDITIONAL CATEGORIES","43","Hardware Acceleration and Performance","Intel Quick Sync Video acceleration","R","TARGET","","","","","","","","","","","","","","","","NV","","","I-Extended-Market",""
"F43-002","ADDITIONAL CATEGORIES","43","Hardware Acceleration and Performance","NVIDIA NVDEC/NVENC hardware transcoding","R","TARGET","","","","","","","","","","","","","","","","NV","","","I-Extended-Market",""
"F43-003","ADDITIONAL CATEGORIES","43","Hardware Acceleration and Performance","NVIDIA TensorRT / GPU inference acceleration","R","TARGET","","","","","","","","","","","","","","","","NV","","","I-Extended-Market",""
"F43-004","ADDITIONAL CATEGORIES","43","Hardware Acceleration and Performance","Google Coral / TPU edge acceleration","R","TARGET","","","","","","","","","","","","","","","","NV","","","I-Extended-Market",""
"F43-005","ADDITIONAL CATEGORIES","43","Hardware Acceleration and Performance","FPGA-based acceleration","R","TARGET","","","","","","","","","","","","","","","","NV","","","I-Extended-Market",""
"F43-006","ADDITIONAL CATEGORIES","43","Hardware Acceleration and Performance","Multi-GPU load balancing","R","TARGET","","","","","","","","","","","","","","","","NV","","","I-Extended-Market",""
"F43-007","ADDITIONAL CATEGORIES","43","Hardware Acceleration and Performance","CPU-only fallback mode","R","TARGET","","","","","","","","","","","","","","","","NV","","","I-Extended-Market",""
"F43-008","ADDITIONAL CATEGORIES","43","Hardware Acceleration and Performance","Hardware-accelerated dewarping","R","TARGET","","","","","","","","","","","","","","","","NV","","","I-Extended-Market",""
"F43-009","ADDITIONAL CATEGORIES","43","Hardware Acceleration and Performance","Hardware-accelerated video analytics inference","R","TARGET","","","","","","","","","","","","","","","","NV","","","I-Extended-Market",""
"F43-010","ADDITIONAL CATEGORIES","43","Hardware Acceleration and Performance","Sizing/benchmark tools tied to hardware profile selection","R","TARGET","","","","","","","","","","","","","","","","NV","","","I-Extended-Market",""
"F44-001","ADDITIONAL CATEGORIES","44","Extended Connectivity and Streaming Protocols","SRT (Secure Reliable Transport) streaming","R","TARGET","","","","","","","","","","","","","","","","NV","","","I-Extended-Market",""
"F44-002","ADDITIONAL CATEGORIES","44","Extended Connectivity and Streaming Protocols","RTMP publishing (social/external distribution)","R","TARGET","","","","","","","","","","","","","","","","NV","","","I-Extended-Market",""
"F44-003","ADDITIONAL CATEGORIES","44","Extended Connectivity and Streaming Protocols","HLS streaming","R","TARGET","","","","","","","","","","","","","","","","NV","","","I-Extended-Market",""
"F44-004","ADDITIONAL CATEGORIES","44","Extended Connectivity and Streaming Protocols","5G/cellular bonding support","R","TARGET","","","","","","","","","","","","","","","","NV","","","I-Extended-Market",""
"F44-005","ADDITIONAL CATEGORIES","44","Extended Connectivity and Streaming Protocols","Satellite-uplink support for remote/off-grid sites","R","TARGET","","","","","","","","","","","","","","","","NV","","","I-Extended-Market",""
"F44-006","ADDITIONAL CATEGORIES","44","Extended Connectivity and Streaming Protocols","LoRaWAN sensor integration","R","TARGET","","","","","","","","","","","","","","","","NV","","","I-Extended-Market",""
"F44-007","ADDITIONAL CATEGORIES","44","Extended Connectivity and Streaming Protocols","Zigbee sensor integration","R","TARGET","","","","","","","","","","","","","","","","NV","","","I-Extended-Market",""
"F44-008","ADDITIONAL CATEGORIES","44","Extended Connectivity and Streaming Protocols","Bluetooth beacon integration","R","TARGET","","","","","","","","","","","","","","","","NV","","","I-Extended-Market",""
"F44-009","ADDITIONAL CATEGORIES","44","Extended Connectivity and Streaming Protocols","Wi-Fi camera support","R","TARGET","","","","","","","","","","","","","","","","NV","","","I-Extended-Market",""
"F44-010","ADDITIONAL CATEGORIES","44","Extended Connectivity and Streaming Protocols","4G/LTE cellular camera support","R","TARGET","","","","","","","","","","","","","","","","NV","","","I-Extended-Market",""
"F44-011","ADDITIONAL CATEGORIES","44","Extended Connectivity and Streaming Protocols","Mesh-network camera support","R","TARGET","","","","","","","","","","","","","","","","NV","","","I-Extended-Market",""
"F45-001","ADDITIONAL CATEGORIES","45","Mobile and Field Video Sources","Body-worn-camera live streaming into VMS","R","TARGET","","","","","","","","","","","","","","","","NV","","","I-Extended-Market",""
"F45-002","ADDITIONAL CATEGORIES","45","Mobile and Field Video Sources","Dashcam / vehicle-mounted-camera integration","R","TARGET","","","","","","","","","","","","","","","","NV","","","I-Extended-Market",""
"F45-003","ADDITIONAL CATEGORIES","45","Mobile and Field Video Sources","Drone (UAV) live video ingestion","R","TARGET","","","","","","","","","","","","","","","","NV","","","I-Extended-Market",""
"F45-004","ADDITIONAL CATEGORIES","45","Mobile and Field Video Sources","Drone video recording/archival integration","R","TARGET","","","","","","","","","","","","","","","","NV","","","I-Extended-Market",""
"F45-005","ADDITIONAL CATEGORIES","45","Mobile and Field Video Sources","Push-to-talk radio integration with incidents","R","TARGET","","","","","","","","","","","","","","","","NV","","","I-Extended-Market",""
"F45-006","ADDITIONAL CATEGORIES","45","Mobile and Field Video Sources","Field-personnel/officer location tracking on the map","R","TARGET","","","","","","","","","","","","","","","","NV","","","I-Extended-Market",""
"F45-007","ADDITIONAL CATEGORIES","45","Mobile and Field Video Sources","Live field-unit video sharing with the control room","R","TARGET","","","","","","","","","","","","","","","","NV","","","I-Extended-Market",""
"F46-001","ADDITIONAL CATEGORIES","46","AI Platform and Model Governance","AI model marketplace / analytics app store","R","TARGET","","","","","","","","","","","","","","","","NV","","","I-Extended-Market",""
"F46-002","ADDITIONAL CATEGORIES","46","AI Platform and Model Governance","Third-party analytics plug-in framework (open SDK)","R","TARGET","","","","","","","","","","","","","","","","NV","","","I-Extended-Market",""
"F46-003","ADDITIONAL CATEGORIES","46","AI Platform and Model Governance","Federated learning support","R","TARGET","","","","","","","","","","","","","","","","NV","","","I-Extended-Market",""
"F46-004","ADDITIONAL CATEGORIES","46","AI Platform and Model Governance","On-device/edge model retraining","R","TARGET","","","","","","","","","","","","","","","","NV","","","I-Extended-Market",""
"F46-005","ADDITIONAL CATEGORIES","46","AI Platform and Model Governance","Synthetic-data training support","R","TARGET","","","","","","","","","","","","","","","","NV","","","I-Extended-Market",""
"F46-006","ADDITIONAL CATEGORIES","46","AI Platform and Model Governance","Bias/fairness testing documentation for AI models","R","TARGET","","","","","","","","","","","","","","","","NV","","","I-Extended-Market",""
"F46-007","ADDITIONAL CATEGORIES","46","AI Platform and Model Governance","Explainable-AI output (rationale for why an alert fired)","R","TARGET","","","","","","","","","","","","","","","","NV","","","I-Extended-Market",""
"F46-008","ADDITIONAL CATEGORIES","46","AI Platform and Model Governance","Model rollback to a prior version","R","TARGET","","","","","","","","","","","","","","","","NV","","","I-Extended-Market",""
"F46-009","ADDITIONAL CATEGORIES","46","AI Platform and Model Governance","A/B testing of competing analytics models","R","TARGET","","","","","","","","","","","","","","","","NV","","","I-Extended-Market",""
"F46-010","ADDITIONAL CATEGORIES","46","AI Platform and Model Governance","Model-performance dashboard (precision/recall over time)","R","TARGET","","","","","","","","","","","","","","","","NV","","","I-Extended-Market",""
"F47-001","ADDITIONAL CATEGORIES","47","Localization and Accessibility","Multi-language user interface","R","TARGET","","","","","","","","","","","","","","","","NV","","","I-Extended-Market",""
"F47-002","ADDITIONAL CATEGORIES","47","Localization and Accessibility","Right-to-left language layout support","R","TARGET","","","","","","","","","","","","","","","","NV","","","I-Extended-Market",""
"F47-003","ADDITIONAL CATEGORIES","47","Localization and Accessibility","Regional date/time-format support","R","TARGET","","","","","","","","","","","","","","","","NV","","","I-Extended-Market",""
"F47-004","ADDITIONAL CATEGORIES","47","Localization and Accessibility","Regional unit support (metric/imperial)","R","TARGET","","","","","","","","","","","","","","","","NV","","","I-Extended-Market",""
"F47-005","ADDITIONAL CATEGORIES","47","Localization and Accessibility","Screen-reader accessibility","R","TARGET","","","","","","","","","","","","","","","","NV","","","I-Extended-Market",""
"F47-006","ADDITIONAL CATEGORIES","47","Localization and Accessibility","High-contrast/accessible UI themes","R","TARGET","","","","","","","","","","","","","","","","NV","","","I-Extended-Market",""
"F47-007","ADDITIONAL CATEGORIES","47","Localization and Accessibility","Keyboard-only navigation support","R","TARGET","","","","","","","","","","","","","","","","NV","","","I-Extended-Market",""
"F48-001","ADDITIONAL CATEGORIES","48","Emerging Investigation and Automation Features","Blockchain-based evidence-integrity ledger","R","TARGET","","","","","","","","","","","","","","","","NV","","","I-Extended-Market",""
"F48-002","ADDITIONAL CATEGORIES","48","Emerging Investigation and Automation Features","Digital-twin / 3D site-model integration","R","TARGET","","","","","","","","","","","","","","","","NV","","","I-Extended-Market",""
"F48-003","ADDITIONAL CATEGORIES","48","Emerging Investigation and Automation Features","3D point-cloud / LiDAR data fusion with video","R","TARGET","","","","","","","","","","","","","","","","NV","","","I-Extended-Market",""
"F48-004","ADDITIONAL CATEGORIES","48","Emerging Investigation and Automation Features","Volumetric people-counting via 3D sensors","R","TARGET","","","","","","","","","","","","","","","","NV","","","I-Extended-Market",""
"F48-005","ADDITIONAL CATEGORIES","48","Emerging Investigation and Automation Features","Dispatch / computer-aided-dispatch (CAD) integration for public safety","R","TARGET","","","","","","","","","","","","","","","","NV","","","I-Extended-Market",""
"F48-006","ADDITIONAL CATEGORIES","48","Emerging Investigation and Automation Features","Automatic incident-to-ticket linking with ITSM/PSIM","R","TARGET","","","","","","","","","","","","","","","","NV","","","I-Extended-Market",""
"F48-007","ADDITIONAL CATEGORIES","48","Emerging Investigation and Automation Features","Predictive maintenance for cameras (AI-based failure prediction)","R","TARGET","","","","","","","","","","","","","","","","NV","","","I-Extended-Market",""
"F48-008","ADDITIONAL CATEGORIES","48","Emerging Investigation and Automation Features","Power/energy-usage monitoring for edge and recording infrastructure","R","TARGET","","","","","","","","","","","","","","","","NV","","","I-Extended-Market",""
"F48-009","ADDITIONAL CATEGORIES","48","Emerging Investigation and Automation Features","Sustainability/carbon-footprint reporting","R","TARGET","","","","","","","","","","","","","","","","NV","","","I-Extended-Market",""
"F48-010","ADDITIONAL CATEGORIES","48","Emerging Investigation and Automation Features","Floating/concurrent licence pooling across multiple sites","R","TARGET","","","","","","","","","","","","","","","","NV","","","I-Extended-Market",""
"F48-011","ADDITIONAL CATEGORIES","48","Emerging Investigation and Automation Features","Self-service tenant onboarding for MSP/VSaaS delivery models","R","TARGET","","","","","","","","","","","","","","","","NV","","","I-Extended-Market",""
